?	460	3.5	?	5.55
?	390	3	88	8.4
?	?	?	?	8
?	380	3.5	108	8.34
800	540	4	105	7.777
760	610	4.5	115	8.68
800	620	4.5	105	9.67
780	700	4.5	116	8.54
800	400	3	108	9
790	520	3	113	7.4
790	620	5	117	9.36
770	530	3	109	9.9
?	?	?	?	7.8
800	380	4	106	5.7
800	550	4	107	9.12
800	480	3.5	107	?
800	670	4.5	115	9.43
800	600	4.5	117	9.24
750	350	3	90	7.1
680	280	3	?	7.9
750	460	4	?	5.6
750	380	2.5	85	7.6
760	350	4	95	8
?	470	4	108	8
790	500	4	108	7.5
760	570	4	117	6.2
?	?	?	?	8.17
640	490	3	91	8
710	340	3	93	6.3
800	410	3	105	7.2
780	470	3.5	106	7.518
680	570	2	91	7.5
800	590	3	112	9.1
800	370	3	96	8.15
740	410	3.5	101	7.2
800	560	4	113	6.52
770	630	3	104	6.49
?	?	?	109	9.14
760	330	3	89	8.86
680	390	3	104	?
800	490	5	112	8.205
800	500	5	116	8.44
800	500	5	116	8.44
790	420	3.5	110	?
790	570	?	?	9.08
800	570	3	98	7.88
720	510	3	103	8.133
700	510	3.5	98	7.7
780	550	4.5	112	8.4
800	630	3	108	6.94
800	360	3	95	?
760	630	4	108	7
790	480	3	88	7.157
710	540	3	105	6.52
800	500	3.5	?	8.04
740	350	3.5	99	7.3
770	570	3	?	6.4
740	430	4.5	101	7.227
760	620	3.5	105	8.02
760	390	3	104	6.8
?	?	?	98	7.5
780	530	3.5	109	7.05
750	300	3	82	6.882
800	500	5	?	8.2
770	460	3	106	8
720	380	3	104	7.3
?	?	?	?	?
800	640	3.5	109	7
700	450	3	?	6.7
?	610	?	?	?
740	690	3.5	111	8.3
790	560	3.5	108	7.3
750	360	3	103	7.8
550	400	?	101	7
740	550	4	115	7.9
800	630	3.5	108	6.2
?	510	3	103	?
800	420	4	102	7.774
800	800	4	116	7.4
780	540	4	113	8.07
750	440	3	104	7.6
790	410	3.5	110	8.1
800	540	3.5	103	8.45
750	350	3	90	7.1
790	490	3	100	?
750	500	4	100	8.5
740	470	3.5	112	8.6
800	730	4.5	?	5.8
780	680	3	103	5.8
790	485	3	105	8.33
700	360	3.5	114	6.3
740	400	3	83	7.2
780	690	3	108	7.1
790	510	3	106	7.86
790	610	3.5	?	7.5
800	670	4.5	114	8.5
780	660	3.5	111	8.42
750	500	4	110	7.4
770	570	4	101	?
780	480	4	96	8.1
800	690	5	114	9.85
660	640	3.5	106	6.65
720	650	4	104	6.6
680	450	3	101	5
670	520	4	94	8.875
760	580	4	111	8.47
800	520	3.5	109	8.002
780	420	4	100	7.9
800	430	2.5	105	6.173
760	510	3	104	8.57
790	500	3.5	111	7.7
730	350	3	96	8.66
780	510	2.5	88	8.1
800	460	3.5	92	7.544
800	680	4.5	114	8.06
790	610	3.5	99	6.491
730	470	3	102	6.5
700	380	3.5	100	7
?	?	?	?	?
800	410	2	108	7
720	530	4	94	8.54
760	540	3.5	93	8.6
750	370	4	92	7
720	560	4	111	7
760	330	3.5	106	7.85
790	460	4.5	?	6.6
?	450	3	104	7.2
750	460	3.5	113	8.7
800	690	4	109	8
790	590	3.5	105	8.067
800	540	3.5	112	8.25
800	490	4.5	?	7.51
760	570	3.5	103	6.5
800	460	4	89	6.78
780	560	3.5	99	7.42
?	?	?	?	?
?	?	?	?	?
800	520	3.5	99	8.8
790	630	4	110	8.3
680	390	3	104	7.7
770	435	3	94	8.22
790	630	4.5	?	7
700	540	3.5	92	7.12
620	320	2	?	?
790	550	?	116	?
750	440	3	104	7.6
790	560	4	106	8.2
760	500	3	92	7.2
800	600	4.5	112	8.53
800	590	4	110	7.3
800	450	3.5	100	7.89
?	?	?	?	?
770	290	3.5	?	7.7
760	330	4	?	9.22
800	630	5	?	5.7
?	?	?	112	7.47
800	530	2.5	98	6.6
800	610	4	117	9.62
?	490	?	95	7.72
800	520	3.5	105	8.55
670	450	3	?	?
690	470	4	98	6.4
750	630	4	111	8.3
780	640	4	116	?
800	660	4.5	115	6.78
760	540	4	?	6.9
800	515	3.5	107	7.4
800	640	3.5	113	8.64
780	520	3	110	8.775
790	690	3.5	98	8.77
800	420	3	97	8.03
740	360	3	85	6.6
800	650	3.5	109	7.83
800	540	4	109	6.5
800	600	3.5	?	9.41
770	490	3.5	95	9.1
720	280	?	?	7.6
790	580	4.5	114	8.85
750	650	3	104	8.8
800	570	3	?	9.1
800	600	3.5	?	8.8
800	605	4	110	8.06
800	470	3.5	?	6.1
?	?	?	?	8.5
?	?	?	109	7.6
740	450	3	97	8.2
800	720	5	?	8.6
740	490	4	105	8.59
740	550	4	107	?
800	660	4.5	?	6.8
790	450	4	101	8.91
730	610	3	?	7.8
800	510	4.5	110	7.6
800	650	4.5	116	8.37
800	520	3.5	103	8.2
800	435	3.5	110	8
780	460	?	?	9.05
?	?	?	?	?
740	510	3	99	8.4
750	500	3	106	7.4
790	590	4	113	7.6
620	520	3	95	7
800	510	3.5	94	8.4
790	540	4.5	?	8
800	540	4	112	7.5
800	545	3.5	107	8
720	530	2	98	6.4
760	330	3	98	7.4
800	650	4	112	9
?	?	?	99	7.837
770	600	5	?	9
790	740	5	?	7.1
680	370	2.5	92	6.3
800	590	4	106	7.9
?	640	3.5	111	?
740	600	4.5	?	7.1
690	530	3	90	7.88
800	580	4	99	9.017
740	530	3	98	?
790	350	3	80	9.28
800	540	4	112	7.5
?	?	?	?	8.6
750	500	3.5	103	7.5
740	330	3	86	?
750	600	4.5	112	7.298
700	520	4	102	7.5
740	660	3.5	111	8.3
740	500	4.5	100	8
760	440	?	83	6.3
730	430	3.5	98	6.9
740	420	4	99	7.8
780	480	3.5	98	8.36
730	570	3	?	8.5
700	400	3	100	7
690	380	3.5	100	7.8
?	?	?	82	7.1
800	610	4	100	8
720	450	3.5	99	7.5
730	410	3	109	8.67
800	620	?	?	7.8
800	545	3	?	9
750	465	3	100	8.65
790	580	4	109	7.25
740	570	3.5	98	6.4
690	340	3.5	95	6.4
710	350	?	?	5.4
710	480	4	109	6.021
770	720	3.5	106	?
630	210	2.5	110	7.6
800	580	4	110	7.62
730	410	3	98	7.01
730	485	3	103	7.53
800	330	2.5	?	7
800	330	2.5	?	7
720	360	3	102	6.5
800	680	4	101	6.682
770	600	3.5	104	7.286
710	580	3	?	6.8
690	310	?	59	?
?	?	?	?	?
760	550	3	95	7.045
780	500	3.5	105	6.1
?	?	?	?	?
780	570	4	100	6.8
660	440	?	?	8.09
800	670	?	?	7.1
760	650	3.5	112	5.8
770	650	4	111	7
705	310	3	86	7.66
730	420	4	100	7.838
770	435	3.5	89	8.36
800	350	2.5	100	6
780	550	3.5	98	8.03
720	440	4	?	6.2
?	?	?	87	9.16
690	450	3	102	7.9
790	465	3	93	8.02
?	?	?	?	7.6
?	?	?	?	?
800	730	3.5	114	8.66
660	540	3.5	?	7.6
800	650	3.5	117	7.6
730	340	?	?	5.6
780	630	4.5	109	6.803
?	?	?	?	8.1
?	?	?	105	7
?	?	?	?	8.2
800	500	4.5	114	7.432
780	515	3.5	100	8.174
750	420	3.5	102	6.86
780	520	3.5	108	9.17
720	440	4	95	5.05
790	560	3.5	103	8
740	370	4	79	6.8
710	370	3.5	100	5.813
690	330	3	107	6.2
770	545	3.5	107	6.8
800	400	4	107	?
780	560	3.5	108	9.02
760	465	4	100	6.94
800	330	4	?	9.675
740	570	3	102	8.62
760	390	3	93	8
750	360	3	?	7.9
790	740	4	113	8.11
705	270	3	95	7.57
800	770	4	114	?
730	410	3.5	88	7
630	590	?	?	7.9
690	570	2.5	?	7.55
800	400	3	100	9.13
720	465	3	98	6.77
710	310	2.5	80	7.316
740	640	3	?	6.3
?	?	?	90	6.5
800	670	3.5	115	?
?	?	?	?	?
800	500	4.5	106	9.27
?	?	?	?	?
?	?	?	?	?
750	?	?	100	?
750	430	3.5	?	9.5
700	310	3	96	?
?	?	?	?	?
720	290	?	?	?
690	330	2	104	?
770	610	?	?	?
730	380	3.5	103	9.5
?	?	?	74	7.4
770	580	2.5	90	9.325
790	370	3	?	?
710	430	?	105	6.92
?	?	?	?	7.8
760	460	3	?	9.2
800	530	3	99	10
?	420	2	?	5.82
760	410	3.5	104	?
770	230	3	?	7.7
780	600	?	100	6.5
690	540	3	110	6.4
770	420	3	99	7.5
770	330	3	90	6.88
800	590	4.5	108	7.45
610	450	3	86	6.25
770	350	3.5	99	?
760	300	2.5	99	7
640	290	2.5	92	6.7
700	530	3	95	8
750	410	3	91	6.1
720	500	?	104	?
800	700	4	?	7.9
750	600	?	?	?
750	520	?	?	9.1
750	490	3.5	106	7.23
800	500	3	102	8.218
790	620	3	?	7.75
700	380	2	99	?
750	590	4	115	7.2
770	420	3	84	?
670	390	?	?	8.15
800	370	?	99	8.3
800	630	4	109	?
800	490	5	115	8.3
800	690	4.5	114	9.35
?	?	?	?	?
800	410	5	?	8.41
?	?	?	?	?
720	490	3	?	7.6
800	500	3	89	7.928
800	410	2	108	7.3
760	540	?	90	8.31
?	?	?	?	8.8
730	420	?	?	8.75
?	480	2.5	95	5.9
790	490	3.5	114	8.65
800	580	3	96	7.77
800	600	?	?	?
?	290	3	83	?
770	530	4	112	8.825
730	490	3	82	7.2
770	320	3	102	?
700	640	3.5	104	5.9
790	650	4.5	111	7.3
690	470	3	104	7
800	700	4	110	?
?	540	3	89	7.5
670	530	3	83	5.5
800	680	4.5	118	7
780	260	3	83	8.1
800	640	3	103	8.7
790	580	3.5	106	9.35
800	650	3	107	6.5
760	510	?	?	8.5
780	560	3.5	101	8.3
800	440	3.5	?	5.6
750	540	3.5	102	6.4
?	?	?	?	7.64
770	450	3	?	5.84
800	605	4	?	9.14
790	480	4	109	7.01
720	600	?	90	6.2
780	430	?	?	9.34
760	350	2.5	76	?
720	620	4	112	7.35
800	600	4.6	100	9
790	330	3	89	?
740	410	4	104	7.9
780	490	2.5	100	?
790	640	5	117	8.5
710	490	3.5	97	7
580	530	3.5	88	?
?	?	?	?	?
720	290	2.5	83	?
760	670	4	?	8.4
800	610	3.5	?	7.8
770	320	3.5	95	7.3
580	770	3	95	?
680	420	3.5	110	6.5
760	680	3	107	7.3
790	620	4	114	7.84
750	320	3.5	97	6.56
740	300	3	89	8.25
800	290	?	?	7.78
740	310	3	?	8.3
800	650	4	?	6.2
730	350	3	98	7.37
770	650	4.5	117	8.74
730	320	3	?	8
800	540	3.5	97	8.25
670	330	3	?	7.31
760	390	2.5	?	?
800	570	3.5	98	7
?	?	?	?	?
770	660	3	111	8.73
770	410	3.5	?	?
780	710	?	?	?
720	580	5	?	8.2
700	520	3.5	105	6.5
800	500	3	104	7.33
730	530	3	?	7.61
700	300	2	?	5.8
760	480	3	?	8.4
770	640	3	106	9.03
?	?	?	?	?
780	390	?	?	6.8
780	550	4	114	9.52
700	320	3	?	6.6
750	360	3	97	8.06
720	430	3	?	7
700	540	3.5	108	8
760	530	2	?	8.3
700	320	3	?	7.8
680	390	3.5	?	6.2
790	500	4	112	6.5
760	580	4	110	6.6
800	520	3.5	108	7.8
800	710	?	113	7.9
770	460	?	?	8.24
?	?	?	?	?
780	560	4	?	8.5
770	390	3	89	6.5
650	340	3	86	?
740	230	2	?	7.321
750	400	?	?	6.45
690	460	2.5	110	7.5
?	?	?	?	?
730	320	2.5	?	6.9
760	510	3	?	8.48
730	550	4	100	6.1
770	400	3	85	7.51
800	600	?	?	5.5
800	610	?	108	6.3
?	?	?	?	?
650	290	3	?	7.21
750	400	3.5	?	6.1
705	465	3.5	95	7.06
800	600	3	99	6.1
760	560	?	?	?
800	640	4	115	6.76
?	?	?	?	?
?	?	?	?	7.6
800	670	4	116	7.2
?	?	?	?	?
730	490	3.5	?	?
800	680	4	?	8.1
800	560	3.5	105	8.5
740	340	2.5	83	?
550	500	4.5	110	8.5
800	360	3	?	6.7
700	530	2	80	7.7
780	650	3	85	6.1
800	760	5	117	9.38
800	630	3.5	?	6.21
750	310	4	104	?
610	340	2.5	96	6.424
790	690	4.5	116	7.321
740	510	2.5	113	7.1
?	?	?	93	?
740	610	5	?	8.64
?	?	?	?	7.3
?	?	?	?	?
?	?	?	?	?
770	300	3	100	8.72
770	330	2.5	87	6.4
800	400	4	?	7.13
730	340	3	86	7
780	395	3.5	107	9.24
790	420	4.5	?	6.7
780	540	3	100	7.16
800	590	?	?	6.5
800	540	3.5	105	8.1161
?	?	?	?	?
660	400	2	90	6.645
?	?	?	?	7
800	510	3	106	7.99
790	460	3	98	?
730	500	3	91	8.26
720	310	2.5	86	8.75
?	?	?	?	?
?	?	?	?	8.3
?	?	?	?	?
800	400	3.5	95	6.67
780	620	3	107	8.05
730	410	3	83	?
530	570	?	?	?
800	620	4.5	115	8.04
760	280	3	94	?
740	520	3	99	7.4
730	420	?	?	8.3
790	515	4.5	112	7.9
730	580	3.5	?	5.85
730	620	2.5	?	?
760	390	3	?	8.9
800	480	3	92	7.586
730	400	3	97	7.1
620	500	2.5	92	7.9
740	480	3.5	99	6.5
?	?	?	?	6.6
730	340	3.5	88	8.039
730	400	2.5	98	6.5
?	?	?	?	?
670	320	?	?	8
800	690	3.5	?	8.66
790	660	3	100	7.8
710	560	3.5	115	?
720	440	3	100	?
770	270	3.5	100	?
730	500	3	?	8
?	?	?	?	?
760	310	2.5	?	7.3
800	570	3.5	113	8.71
770	350	2	102	?
770	330	3	?	8.33
760	630	3.5	?	6.9
800	570	3	107	9
?	?	?	?	?
800	590	?	?	?
800	600	3.5	111	7.8
800	590	3	106	8.34
740	570	3	102	7.92
?	?	?	?	?
770	410	3	97	8.02
790	470	5.5	?	8.2
780	340	?	90	6.8
800	600	4	112	8.31
730	350	3.5	94	?
?	?	?	?	7.88
790	?	3	92	8
720	270	2.5	94	7.2
790	640	3	100	7.99
800	640	4.5	?	7.8
800	610	4	111	7
790	580	4	114	8.31
720	290	2.5	83	?
800	680	3	99	7.7
740	640	3.5	?	7.062
?	?	?	?	?
770	460	3	?	8.25
690	490	4	?	6.5
?	?	?	?	7.02
800	360	3	86	7.5
740	660	5	119	6.9
730	370	3	91	5.611
780	435	3.5	103	7.39
790	650	4	111	8.04
690	580	3	89	6.9
740	530	3	97	7
760	410	3	104	7.05
720	620	3	102	7.3
780	610	3.5	100	9.34
740	280	2.5	?	6.7
710	380	3.5	87	6.9
740	370	?	82	6.3
800	540	?	?	6.5
800	630	4	117	7
800	610	3	?	8.5
800	270	2.5	80	6.672
770	520	3	102	6.5
780	540	3	?	7.167
720	550	2.5	100	6.97
730	350	2.5	94	6.97
770	465	3.5	98	8.62
800	500	3.5	117	7.84
570	520	3	93	5.5
800	530	4.5	105	8.6
700	330	3	?	7.76
720	360	3	?	?
780	410	3.5	?	6.7
800	740	4.5	?	9.24
?	?	?	81	7.5
770	570	3	?	8
?	?	?	?	6.675
800	580	3	80	8.06
?	?	?	?	?
700	510	?	?	?
750	550	2.5	99	7.24
?	?	?	?	?
750	330	?	103	6.772
800	660	4	?	6.97
740	300	3	?	6.7
800	700	4	114	6.2
?	?	?	?	?
780	550	4	104	7.4
770	360	2.5	110	8.1
710	680	4	116	7.4
770	435	4	101	6.25
760	360	3	?	7.857
700	300	2.5	?	6.25
710	510	3.5	?	8.64
650	490	3	?	6.05
800	660	5	119	9.31
790	440	3	?	9.2
800	320	3	82	6.889
780	410	4	88	7.33
705	420	3	98	6.17
770	395	3	?	8.7
720	630	3	103	7.31
790	640	3	109	7.1
790	370	3.5	?	7
750	550	4.5	?	8
650	520	2.5	81	6.9
710	590	3	90	8.4
500	800	4	102	?
750	550	4	114	9.8
?	?	?	?	?
800	435	3	96	7
730	340	3	?	?
800	420	3	106	7.2
590	360	3.5	99	8.2
800	330	3.5	90	7.2
700	300	2.5	?	8.5
760	310	2.5	?	7.3
620	390	2	?	8.05
800	350	3	100	?
760	640	3.5	110	8.7
730	590	3	86	7.5
690	270	1.5	81	6.096
?	?	?	?	8.8
800	560	4	111	8.14
780	410	3	90	6.78
?	?	?	?	?
780	390	3	82	8
800	670	4.5	?	7.3
705	340	3	?	7.88
730	450	3.5	109	8.64
800	410	3	96	8.73
800	570	3	?	9
800	620	3	?	8.16
?	?	?	?	7.7
644	370	3.5	109	7.3
?	?	?	?	?
800	390	4	113	7.88
?	?	?	?	5.94
740	500	3	92	6.5
650	470	3.5	?	7.5
?	?	?	?	7.193
790	360	3	99	6.56
800	640	4.5	116	7.83
770	?	?	?	8
620	400	4.5	90	7.8
800	370	3.5	105	7.3
740	450	3.5	101	6.1
800	530	3	107	9.11
790	580	3.5	102	?
?	?	?	?	?
760	730	?	113	8.08
?	?	?	?	?
?	?	?	?	?
770	480	3	95	8.17
?	?	?	?	8
790	485	3	97	9.38
780	290	2.5	?	8.46
?	?	?	?	?
780	520	5	?	7.07
?	?	?	?	?
750	510	3.5	?	7.53
790	490	3	91	8.54
750	600	3.5	100	8.61
720	370	3	96	8.45
770	435	3.5	107	8.4
650	470	3.5	?	7.5
720	370	3	?	8.1
740	620	3	99	8.65
800	640	3.5	?	7.685
720	410	3	?	6.9
770	620	3.5	112	7.24
760	620	4	?	7
790	690	4	105	8.025
?	?	?	?	?
740	410	3.5	104	6.806
800	620	4	?	7.537
610	580	4	?	7.5
780	300	2.5	?	7.3
?	?	?	?	7.3
680	320	3	99	5.7
720	370	3.5	94	6.9
770	350	3.5	90	6.28
800	600	4	?	8.31
750	530	?	?	7.46
800	680	3.5	111	8.7
770	630	3.5	111	8.43
800	660	4	113	?
800	490	3	?	7.92
730	395	3	107	7.65
740	420	2.5	89	5.806
800	610	3.5	102	7.95
790	440	2.5	89	7.9
770	530	3.5	94	?
790	605	?	?	8.3
660	520	3.5	?	8.32
800	630	4	115	6.9
800	570	3	?	7.34
680	410	3	?	7.9
740	580	3	105	7.4
720	560	4	?	7.3
780	480	3	101	?
?	?	?	?	?
680	370	?	95	?
800	650	4	117	8.62
770	370	3	?	8
780	600	3.2	108	6.667
780	560	3	?	?
800	610	3.5	103	8.9
720	380	4	90	6.2
780	540	4	?	7.5
?	?	?	?	8.4
770	545	4	104	7.366
760	620	3	?	?
770	650	4.5	116	7.35
750	540	2.5	86	8.85
770	640	3	110	7
?	?	?	?	?
770	350	3	109	6.343
790	550	4	101	7.48
?	?	?	?	?
740	590	3.5	?	7
?	?	?	?	7.48
800	720	4	115	7.3
750	580	3	110	8.2
790	610	4	107	7.3
780	680	3	106	?
?	?	?	?	?
790	690	3	101	6
790	610	3.5	100	9.17
800	640	4	108	7.73
730	620	4	?	7.85
790	340	3	95	6.14
800	680	3	?	6.8
780	515	3.5	101	8.2
780	680	3	106	7.9
720	450	3	?	6.68
750	650	3	90	8.1
690	420	3	103	6.98
800	490	?	?	8
730	620	4	?	7.85
790	530	4	115	5.8
790	630	4	108	8.765
600	310	2	78	6.459
780	510	2.5	?	8.01
730	320	?	90	8.2
800	370	4	96	?
410	605	4	108	8.7
?	?	?	?	?
800	560	3.5	105	6
800	610	3	?	8.5
770	530	4	109	8.2
740	560	4	?	6.005
760	470	3.5	106	7.46
780	670	4	117	8.02
780	330	?	101	6.6
800	430	4.5	?	8.5
650	270	2.5	83	7
760	640	3	111	?
720	300	3	?	6.2
740	380	3	102	?
770	510	2.5	?	7.5
?	?	?	?	?
790	610	3	110	7
800	395	3.5	95	7.6
750	660	3.5	112	8.787
740	430	3.5	100	6.35
800	515	3.5	104	8.52
770	435	4	103	6.815
800	590	3	108	?
790	550	2.5	94	7.7
?	?	?	?	6.9
770	510	3	?	8.01
780	450	?	?	?
700	300	2.5	?	?
790	610	3	91	7.34
690	350	3	?	?
800	480	3	106	6.67
730	350	3	89	7
750	510	3	109	7.917
770	410	?	?	8.775
780	430	3	91	7.14
730	400	3	?	7.6
790	600	3	?	8.33
800	680	3	?	7.7
?	?	?	?	8.5
790	435	4	102	7.248
720	520	4	107	6.7
770	550	?	109	7.5
750	550	3.5	108	6.6
800	670	3.5	115	8.87
800	620	?	105	7.2
790	465	3	95	6.7
740	430	3.5	100	6.3
790	575	4	117	7.08
710	490	4	107	8.33
?	?	?	111	9.975
?	?	?	?	?
?	?	?	?	7.35
800	540	?	103	8.53
710	380	3	93	6.3
790	420	3.5	100	?
760	530	?	101	7
800	370	3.5	95	6.21
800	690	4	110	9.11
760	540	3.5	113	7.813
800	380	3.5	96	?
740	650	3.5	108	7.68
800	750	4	110	8.5
?	?	?	?	?
760	330	3	?	5.5
?	?	?	?	?
800	540	3	112	7.96
640	360	3	?	8.11
800	510	2.5	107	7
790	370	3	85	7.84
790	520	3	100	?
780	400	4	115	8.3
770	450	4	?	8.5
790	435	3	?	6.441
?	?	?	?	?
800	570	3	?	7.55
760	310	2.5	?	7.5
?	?	?	?	8.04
790	360	3	?	7.83
800	450	3	99	7.33
730	510	3	88	6.5
770	605	4	112	7
750	500	2.5	?	?
780	530	?	110	7.655
770	420	2.5	107	8.37
440	740	3	99	8.61
660	440	?	?	?
?	?	?	?	7.8
680	480	2.5	?	?
?	?	?	?	?
780	510	4	?	6.85
650	550	3	102	6.38
800	640	4	115	6.64
800	520	4	109	8.82
?	450	?	97	?
800	540	3	100	7
780	530	4	?	8.52
740	330	3	89	?
770	430	3.5	95	8.58
?	?	?	?	?
700	500	2.5	89	6
780	400	3	90	8.475
770	410	3.5	105	6.9
740	410	3	89	6.6
800	545	3.5	107	9.51
800	730	4	115	8.255
800	435	4.5	?	6.7
650	550	3	102	6.38
730	480	3	104	?
660	420	3.5	?	6.8
720	550	3	90	7.3
780	380	3	?	6.3
800	350	3	100	7
705	370	2.5	?	9.01
770	610	4	113	8.8
800	520	4.5	105	8.044
740	580	3	108	9.4
?	?	?	?	?
710	380	3.5	87	?
790	580	4	111	8.65
?	?	?	?	?
770	360	3	100	6.3
630	500	3.5	99	7.5
800	560	3.5	108	7.5
800	730	3	86	8.35
800	510	3.5	104	8
780	515	3.5	114	7.76
750	515	3.5	99	7.4
?	660	?	116	8.37
750	490	?	?	9.75
740	440	3	99	8.61
?	?	?	?	9.21
730	550	3	94	7.2
700	310	3.5	92	7.5
800	630	3	102	7.3
630	500	3	106	?
730	390	3.5	98	7
770	730	4.5	116	7.91
730	330	2.5	82	6.5
710	550	3	98	7.3
?	?	?	83	?
760	440	4.5	110	?
800	610	3	107	8
770	410	3	91	7.4
630	370	3	100	7.1
690	270	2.5	94	?
770	550	3.5	108	9.5
720	395	3.5	105	5.825
790	610	3.5	108	8.35
730	580	3	?	8.2
790	560	3.5	?	8
800	440	3.5	?	9.14
690	230	3	?	7.8
770	380	4	108	8.81
780	640	5.4	116	8.55
780	360	?	?	8.1
720	310	3	84	8.38
800	450	4.5	109	8.1
730	490	3.5	95	7.5
?	?	?	?	?
750	440	?	101	7.7
690	380	3.5	103	6.8
800	520	4	110	7.9
800	400	2.5	102	6.2
750	350	?	?	9.26
800	730	3.5	108	8.13
770	380	3	104	6.2
800	460	4	?	8.64
750	485	4	109	7.6
780	290	2	?	?
800	480	4	?	6.79
?	?	?	?	?
?	?	?	102	8.201
780	610	4.5	118	8.7
740	570	3	98	6.8
750	330	2.5	91	6
?	?	?	112	?
?	?	?	?	7.36
?	?	?	105	10
770	320	3.5	90	6.05
750	530	4	111	7.5
710	440	4	111	6.62
?	?	?	?	5.5
730	560	4	?	8
760	500	?	?	8.44
?	?	?	?	6.3
760	635	3	112	8.212
?	?	?	87	?
770	530	3.5	112	6.916
800	660	4.5	107	6.7
800	500	3.5	108	8.1161
780	520	3.5	103	6.725
630	360	3	?	7.4
720	515	4.5	97	7.3
?	?	?	?	7.89
800	640	3	109	9.6
680	370	3.5	96	5.777
710	560	3.5	113	7.431
760	520	3	106	7.7
710	310	3	?	9.925
790	650	3.5	105	9.43
680	380	?	91	6.3
790	470	3.5	105	5.6
?	?	?	?	8.81
590	800	3.5	113	8.43
800	575	4.5	115	8.06
750	620	4	109	7.8
750	510	3.5	110	6.116
740	320	3	104	7.6
?	?	?	?	?
650	480	3	?	7.415
710	530	2.5	?	7
750	350	3	?	8.4
800	650	3.5	100	6.5
700	440	?	102	6.66
710	480	?	81	?
680	400	3	86	6.658
?	?	?	?	?
770	465	4	110	7.5
800	660	3	105	8.7
690	370	3.5	93	?
750	310	3.5	94	7.9
770	530	4	115	8.12
790	390	3.5	102	8.5
?	?	?	?	7.5
700	280	3.5	?	6.5
690	380	3.5	103	6.8
?	?	?	?	?
750	470	?	?	8.24
800	450	3	108	8.27
740	310	3	?	?
700	290	3	80	6.775
?	?	?	?	?
780	380	3	?	7.4
800	670	4	116	6.67
790	560	4.5	116	8.96
780	530	4.5	?	7.41
?	?	?	?	?
770	540	2.5	102	8
580	370	3	70	6.9
?	?	?	?	?
770	465	3	?	8.325
780	500	4	?	?
800	610	3	105	8.3
?	?	?	?	9.86
740	500	?	?	7.416
705	465	?	?	7.06
800	410	3	109	7.6
800	580	3	97	?
800	590	3.5	?	8.3
730	660	3	111	?
800	540	3	108	7.6
740	510	4	?	?
740	550	3.5	94	?
740	395	3	95	7.2
730	660	3	111	?
?	360	3	93	7.3
770	330	3.5	96	7.3
800	650	3	107	8.116
780	520	3.5	?	7.2
750	260	2.5	73	7.39
710	370	3	97	5.2
730	410	3.5	?	7
800	520	3.5	111	7.78
750	450	2.5	?	7.3
800	690	4	114	7.96
740	330	3	94	7.5
800	560	4	111	7.72
800	660	4.5	114	9.26
790	690	3	108	9.36
?	?	?	?	7.2
780	540	3	107	8.6
790	500	4.5	102	7.73
720	360	3	82	?
770	395	4	97	?
800	510	3.5	107	?
705	370	3.5	112	5.4
780	465	4	100	8.113
800	530	5	108	9.33
800	580	2.5	101	7.01
730	700	4	?	7.67
670	390	2.5	88	?
790	515	4	111	7.682
730	?	2.5	94	6.9
?	260	2.5	?	?
670	330	2.5	?	6.19
760	400	2.5	98	7.5
?	?	?	?	?
730	420	2.5	?	?
720	340	?	89	7.326
750	390	?	90	9.525
800	515	4	117	7.78
?	?	?	?	8.125
780	665	4.5	?	8.7
730	410	3.5	97	?
730	360	4	?	7.4
?	?	?	?	?
710	510	2.5	86	7.87
670	330	2.5	92	?
790	490	2.5	?	6.903
770	450	4	112	7.74
?	?	?	?	6.35
590	320	3.5	96	8
?	?	?	?	7.5
720	300	3.5	?	?
790	435	3	99	8.85
800	320	3	?	6.889
?	?	?	?	7.142
720	590	2.5	?	7.18
730	320	3	92	6.7
?	?	?	?	9.325
780	400	?	80	10
750	700	4	100	6.5
780	290	2	?	7.548
730	300	2	?	7.71
750	310	3	100	?
800	450	4	100	7.905
800	650	3.5	116	8
750	?	3	100	8.441
570	500	3	83	?
595	320	?	92	5.4
740	395	3.5	95	8.02
800	310	3	92	8.1
770	420	?	?	7.7
720	470	3.5	90	6.6
750	600	4	112	8
?	?	?	?	?
720	320	2.5	?	6.5
730	650	4	113	6.8
?	?	?	?	8.76
705	310	2.5	95	8.024
750	450	2.5	?	5.6
770	545	4	112	7.4
720	330	3.5	95	7.3
690	280	3.5	90	7.1
770	410	3.5	93	?
730	450	3	107	8.4
?	?	?	?	7.2
770	435	3.5	106	8.45
650	440	2.5	98	5.65
?	?	?	104	6.5
730	460	3.5	?	5.733
?	?	?	?	6
?	?	?	?	?
780	500	3	?	6.7
790	520	3	102	7.37
800	600	3	101	8
770	435	3	?	7.4
?	?	?	?	7.5
750	560	3.5	107	7.534
730	450	3	105	8.4
750	570	3	96	8.6
780	515	4	109	7.75
580	490	2	91	?
?	?	?	104	5.9
790	730	4.5	105	7.47
770	520	3	88	?
760	545	4.5	100	6.972
770	340	?	89	8.08
800	750	4	?	8.42
?	?	?	?	?
800	550	3.5	114	8.9
?	?	?	?	7.5
740	290	3	82	7.6
760	530	3.5	98	8.125
740	340	3	94	8.1
?	?	?	?	7.775
780	435	3	99	7.26
?	?	?	113	?
670	330	2.5	92	6.9
800	410	4	99	8.98
800	635	3.5	114	6.1
690	410	2	85	6.3
770	540	3	88	8.2
800	640	4	?	8
770	650	4	112	9.1
740	370	3	?	6.6
770	520	3.5	?	7.233
740	435	3	99	6.5
690	450	4	?	7
770	545	4.5	118	8.77
?	780	3.5	87	?
800	470	3	95	6.91
?	?	?	?	?
750	540	2.5	?	6.4
800	520	3	106	8.12
770	640	4.5	97	?
800	310	3	82	7.1
800	460	3.5	98	7.54
780	590	3.5	?	7.1
740	570	3	102	8
800	710	4.5	119	9.568
800	?	3	93	8.404
750	395	3.5	99	7.842
?	?	?	?	?
770	510	3.5	100	7.3
740	450	3.5	109	6.96
710	360	3	92	5.5
?	?	?	?	?
790	460	4	106	8.15
800	500	3.5	108	8.74
790	550	3.5	92	9.2
790	450	3	91	7.9
700	610	4.5	110	6.85
760	515	4	113	7.422
800	690	3.5	113	8.61
800	550	3.5	108	9.28
780	450	3	93	8.01
760	610	3	105	9.45
?	?	?	?	?
760	485	3	100	?
790	435	3	104	7.1
720	700	3.5	114	8.98
720	360	2	?	7.55
720	370	3	?	5.4
?	?	?	101	8.85
800	620	3	101	7.85
780	600	4.5	118	8.333
740	395	3.5	92	7.9
800	620	3.5	?	9
680	380	4	91	7.116
800	410	4	110	8.569
730	300	?	?	7.32
800	520	4	112	8
?	?	?	?	?
720	580	3	97	8.4
?	?	?	?	6.7
770	450	3	90	6.25
800	430	3.5	94	7.9
750	620	3.5	93	7.8
790	340	3	?	?
780	640	?	112	8.05
?	?	?	?	?
800	620	4	?	6.7
630	300	1.5	75	6.6
700	510	3	?	?
730	430	3	106	6.83
770	435	3	99	9.52
770	500	3	112	7
800	460	3	88	6.47
760	340	3.5	86	7.2
740	420	?	95	8.9
750	590	3	100	7.7
770	570	3.5	110	7.7
?	?	?	?	?
730	290	3	88	?
644	370	3.5	82	7
710	440	3	?	?
?	?	?	?	6.96
790	580	4	105	6.95
800	390	3.5	101	9.16
790	420	4	101	9.04
790	545	4	103	6.35
800	665	4.5	118	8.89
760	370	3	101	9
750	320	3	88	7.2
?	?	?	?	?
800	560	3	93	8.42
760	520	4	99	?
800	340	3	95	9.325
750	410	3	90	6.658
750	380	3	97	8
800	540	3	89	7.5
760	435	3	82	7.47
750	550	4	89	5.5
740	290	3	81	7.86
790	515	3.5	105	7.2
790	540	3	99	7.6
760	400	3	90	7.81
?	?	?	?	8.72
800	650	4.5	112	9.075
770	450	3.5	102	9.15
?	?	?	?	?
750	560	3	107	9.675
?	?	?	?	4
800	450	4.5	110	7
?	?	?	?	8.05
750	400	3.5	107	5.6
615	410	3.5	96	6.7
720	440	3.5	90	8.1
750	575	4	114	9.26
800	520	4	101	6.2
710	300	2.5	78	7.7
750	380	3	93	7.2
?	?	3	84	7
800	380	4	110	9.2
665	485	3.5	103	8.385
700	430	3	91	7.93
790	450	3.5	105	8
?	?	?	?	?
700	340	3	88	8.217
770	410	3	87	7.89
770	380	3	91	7.1
640	540	2.5	90	6.9
790	550	3	101	6.833
770	420	4	106	6.808
700	320	3	88	?
730	500	3	88	6.5
730	370	2	?	7.76
740	410	3	107	7.253
800	510	3.5	?	?
800	420	3.5	?	9.575
730	320	2	?	?
?	?	?	?	6.5
690	360	3	?	?
800	450	4	107	7.7
720	560	3.5	102	6.988
?	?	?	?	?
780	570	4	117	8.68
780	520	3	96	7.286
750	380	3	94	5.6
740	280	3	82	7.82
800	690	3.5	109	8.325
800	530	4	?	8.5
?	?	?	?	7.46
800	320	3.5	93	8.35
730	410	3	103	6.3
770	380	3	93	7.84
800	300	3	90	7
535	280	?	?	6.6
800	670	3.5	102	7.6
800	460	3	102	6
750	410	2.5	101	6.6
?	?	?	?	6.7
790	640	4.5	109	9.22
?	?	?	?	?
770	540	3	107	7.5
535	590	3.5	92	7.8
790	515	3	103	7.03
?	?	?	98	3.75
780	290	2	?	6.4
?	?	?	110	9.1
720	410	2.5	101	7.75
700	320	3.5	?	6.7
740	300	2.5	84	8.1
760	710	4.5	115	8.82
?	?	?	?	?
750	520	4	109	8.6
?	?	?	?	7
?	?	?	?	8
800	500	3	99	8
770	545	4	112	7.15
740	490	4	101	7.3
?	?	?	?	7.525
800	560	4	115	8.78
720	490	3	92	?
680	280	2.5	?	?
780	370	3	94	8.276
730	230	1.5	81	6.85
730	580	3.5	91	5.851
750	290	3	?	7.22
760	440	3	84	7.5
800	560	4	?	9.7
800	570	4	112	9.1
800	630	4	112	7.4
750	380	3.5	?	7.925
770	530	3	100	7.23
790	330	3.5	74	8.41
740	580	3	108	9.42
?	?	?	?	9
?	?	?	?	?
?	?	?	?	9.85
780	340	4	105	9.525
800	550	3.5	108	7.5
780	330	2.5	90	8.591
785	392	3.5	102	7.5
730	380	3.5	106	6.49
780	490	3	96	6.35
720	?	?	95	?
800	410	4	?	8.13
740	330	3	90	7.5
790	485	3.5	107	?
770	660	3.5	116	6.8
?	?	?	?	8.7
644	380	3	89	6.704
800	665	4.5	117	7.92
790	395	4	105	9.59
750	510	3	112	6.5
?	?	?	?	8.7
780	465	4	100	8.121
?	?	?	?	8.3
630	510	3	?	?
750	630	3	97	9.05
740	340	2.5	?	8
?	?	?	?	8.12
650	450	3.5	?	8.5
?	?	?	?	?
800	570	3.5	104	8.4
800	570	3.5	104	8.4
800	550	4.5	?	8.11
680	420	3	87	6.7
800	650	4	109	8.47
790	575	3.5	105	9.212
800	520	3	107	8.93
630	430	3.5	91	9
750	320	3	98	7
790	490	2.5	86	6.903
?	?	?	?	8.54
770	620	4	114	8.039
770	610	3.5	100	6.6
730	660	4	109	6.1
800	620	3.5	107	9.2
720	420	3	95	7.1
?	?	?	100	8.1
?	?	?	?	8.86
800	395	3.5	93	8.55
790	650	4	106	?
800	320	3.5	?	6.8
790	530	3.5	117	7.6
700	510	3	104	?
800	485	4	100	6.1
760	490	3	110	7.3
?	?	?	?	?
700	310	3	?	6.1
700	320	2.5	83	7.9
800	650	3	96	9.14
?	?	?	?	7.5
770	330	3.5	93	9.436
760	400	3	87	?
?	?	?	?	?
750	400	3	91	6.8
800	330	2.5	100	?
800	380	?	?	7.5
?	?	?	?	7.5
?	?	?	?	7.86
800	660	4	114	5.741
790	465	?	107	8.5
770	330	3	90	7.325
?	?	?	?	8.45
760	320	2.5	79	7.523
800	360	2.5	?	6.9
630	420	4	92	7.9
510	360	2.5	93	7.4
780	660	3.5	106	?
780	575	3.5	113	?
750	450	4	113	7.9
680	395	3.5	92	7.5
760	435	3.5	?	6.9
?	?	?	?	7.6
720	420	3.5	80	6.4
760	485	3.5	93	8.038
?	?	?	?	10
600	410	?	80	?
800	660	3.5	105	8.233
720	310	3	84	7.8
705	380	4	107	6.5
790	450	4	105	8.64
?	?	?	?	?
800	395	2.5	82	6.5
800	550	3.5	110	10
?	?	?	?	?
770	450	3.5	94	8.57
644	380	3	80	6.629
800	420	3	102	9.14
730	320	3.5	?	6.8
750	550	4	107	7.1
680	280	2.5	84	7.6
790	640	3	100	7.99
644	370	3.5	107	?
?	?	?	?	7.1
800	450	3	104	7.9
770	480	3	109	7.3
800	650	4	117	8.03
420	800	3.5	94	8.75
?	?	?	?	?
?	?	?	?	9.41
760	465	2.5	104	?
800	720	4.5	118	7.393
800	560	3.5	117	?
730	270	2	89	?
780	450	3	105	?
740	620	3.5	112	7.08
770	600	4.5	107	8.2
750	550	4	?	6.7
800	485	3.5	107	7.1
465	330	3.5	?	?
740	590	3.5	?	6.2
630	230	2.5	87	?
?	610	?	100	7.8
740	485	3	105	7.8
800	640	4.5	103	7.8
?	?	?	?	?
?	?	?	?	7.5
800	550	4	113	8.08
?	?	?	?	8.38
780	700	5	110	6.9
800	540	4	108	7.8
780	590	4	115	?
750	310	3	90	6.8
680	310	2.5	89	8
800	515	?	?	9.18
800	500	4	95	?
790	630	3	101	8.15
800	515	4.5	111	8
?	?	?	?	?
780	660	5	102	9.1
790	520	3	91	7.3
?	?	?	?	?
800	550	4	100	7.72
730	370	3	90	6.9
750	680	3	?	7.39
800	750	5.5	118	9.4
?	?	?	?	?
690	485	3	109	7
?	?	?	83	?
705	260	2	76	?
?	?	?	103	8.86
790	560	4	?	7.93
720	540	4	105	7.9
800	320	4.5	113	8.3
310	710	3	102	7.4
770	500	3	102	7
600	800	4	100	8
?	?	?	92	7.83
780	500	3	106	9.135
760	610	4	109	9.74
?	?	?	?	?
750	435	3	81	?
?	?	?	?	?
?	?	?	?	?
?	?	?	?	8.52
?	?	?	?	?
730	580	3.5	91	6.041
650	350	3.5	102	7.5
770	360	4	85	6
730	410	3.5	108	8.3
?	?	?	?	?
800	590	3.5	109	?
780	320	3	98	?
800	570	3.5	107	?
555	290	2	?	?
790	300	2	?	5.9
650	440	2.5	98	6.2
770	460	3	109	8.4
800	290	2.5	86	9
?	410	?	96	7.9
?	?	?	?	?
740	440	2.5	?	8.325
800	680	4.5	114	7.9
790	450	4	113	6.6
800	420	4	?	8.7
680	320	2.5	83	6.8
770	370	?	?	8.44
650	650	4	108	7.9
760	370	3	96	7
800	465	3.5	111	8.2
740	515	4.5	105	6.5
770	450	3	108	8.4
780	540	?	94	?
690	400	3.5	107	6.6
?	?	?	?	?
700	340	3	94	?
770	660	3.5	106	9.16
?	?	?	?	?
770	530	4.5	118	7.3
720	380	2.5	86	7.6
740	390	3	87	7.5
740	545	3	102	7.4
750	435	3.5	99	7.7
790	580	3.5	110	8.7
730	280	3.5	87	6.503
?	?	3.5	96	?
740	340	3	?	7.086
705	435	?	92	7.76
760	410	3.5	97	7.8
?	?	?	94	8.28
790	560	3.5	103	9.04
?	?	?	?	?
800	430	3	98	7.7
790	560	4	109	9.6
?	?	?	?	?
?	?	?	?	8.125
800	560	5.5	117	7.9
730	340	2.5	86	?
?	?	?	?	9.675
720	370	3	90	6
?	350	?	89	6.945
665	515	3	94	6.3
705	780	4.5	118	9.15
?	?	?	?	?
770	380	3	85	?
?	?	?	?	?
?	?	?	?	?
?	?	?	?	?
740	370	3.5	103	?
780	420	4	110	?
800	530	4	108	?
?	?	?	81	6.2
770	435	4	100	8.58
644	420	3	89	9.525
?	?	?	?	?
800	620	4	110	8.7
790	490	2.5	86	6.903
?	?	?	?	?
790	440	2.5	91	5.835
?	?	?	?	?
?	?	?	?	8.575
790	450	?	95	?
?	?	?	90	7.75
750	450	3	105	?
790	560	3	103	8.41
705	700	4	109	8.66
670	460	3	?	7.613
770	620	4.5	?	5.74
680	300	2	78	6.8
780	570	3.5	111	7.9
800	450	3	95	7
?	?	?	?	?
770	420	?	100	6.7
800	560	4	112	7.5
780	380	3.5	101	8
?	?	?	?	?
800	575	4	?	8.5
770	575	3	108	9.4
720	380	?	91	8
760	485	3.5	93	8.038
?	?	?	?	?
760	470	2.5	95	8.76
790	485	3.5	?	8.42
760	395	2.5	91	7.1
?	?	?	?	8.1
800	700	4	115	8.05
?	?	?	?	?
?	?	?	?	?
740	390	3	?	6.2
730	340	?	94	7.2
?	?	?	?	7.6
?	?	?	?	7.93
750	370	2.5	92	7
770	340	4	93	5.68
?	?	?	?	8.6
800	380	3.5	94	6.6
310	395	?	87	?
770	380	3	98	8.87
?	?	?	?	?
740	400	1.5	88	7.34
760	485	3.5	113	8
760	580	3	104	7.47
770	370	4	?	?
790	410	2.5	94	6.3
?	?	?	?	8
760	395	3	98	8.15
770	700	?	117	8.58
?	?	?	86	?
?	?	?	?	?
770	480	3	?	8.08
?	?	?	?	?
760	485	3	110	7.4
750	500	3.5	104	7.73
740	360	3	106	9.15
760	510	3.5	107	8.23
750	350	3	82	7
?	?	?	?	6.4
630	280	3	?	?
440	530	4	94	6.9
740	310	2.5	?	5.843
800	410	2.5	90	7.44
?	?	?	?	7.7
540	280	2	76	7
760	340	3	102	6.86
?	?	?	?	?
690	290	3	85	?
?	?	?	?	6.676
570	360	3.5	83	6.5
800	670	4.5	114	8.54
?	?	?	?	8.325
700	490	3	92	7.023
630	310	2.5	?	?
800	500	4.5	?	8.91
?	?	?	?	8.3
730	435	3	105	7.5
770	380	3	92	7.1
790	370	?	?	?
?	?	?	?	?
800	270	3	84	?
770	435	3	?	8.1
?	?	?	?	8.09
?	?	?	?	6.8
780	465	3.5	?	8.65
780	480	4	103	6.784
780	380	2.5	84	7.42
?	?	?	?	8.61
730	370	3.5	83	6.85
760	450	3.5	94	7.35
?	?	?	?	8.7
?	?	?	?	?
770	450	3.5	109	8.14
610	290	2.5	72	7.5
800	440	?	?	6.6
?	?	?	?	?
650	550	3	102	6.4
790	410	2.5	96	7.5
644	215	3	?	?
?	?	?	?	7.3
790	450	3	98	7.5
760	450	3.5	97	?
750	360	3	94	7
800	670	5	116	9.84
680	320	2.5	?	6.25
730	330	3	81	6.5
740	330	3	?	7.5
800	465	3.5	?	8.34
800	600	3.5	106	9.52
?	?	?	?	8
750	620	3	103	6.3
780	490	3	95	8.93
?	?	?	?	6.9
720	560	3.5	?	7.08
800	470	4.5	104	6.1
750	465	3.5	92	?
740	370	3.5	103	7.8
800	410	3	103	?
730	540	3	?	7.7
770	485	4	108	9.2
760	605	4	?	7.6
780	435	3.5	98	7.15
644	380	3.5	?	7.1
690	290	2.5	100	6.8
800	560	4	114	9.7
800	515	3.5	111	7.06
740	350	2	86	7.3
?	?	?	?	?
770	330	3	93	5.65
750	450	3.5	110	7.65
780	465	4	?	9.3
710	340	4	104	6
670	310	3	90	7.505
740	450	4	101	6.95
730	360	3.5	94	?
?	?	?	?	6.9
800	685	?	?	?
770	620	3.5	?	7.97
740	350	3	99	6
730	530	?	97	8
?	?	?	?	?
740	350	3	?	8.05
?	?	?	?	?
705	280	2.5	?	7.05
790	490	3.5	101	7.28
800	590	3	113	9.23
644	360	3	?	?
?	?	?	?	?
?	?	?	?	?
?	?	?	100	7.97
750	340	?	90	7.46
595	340	4	?	7.8
770	380	3	94	8.62
705	465	4	115	8.1
730	500	?	110	9
760	460	4	104	8.3
730	280	3	79	?
760	380	3.5	94	7
?	?	?	?	?
750	290	2.5	?	7.25
770	320	?	?	8.2
800	665	4	116	7.4
680	280	2.5	90	7.55
750	485	5	?	?
?	?	?	?	6.9
790	430	3.5	100	5.8
?	?	?	?	7.06
760	485	3.5	93	8.038
?	?	?	?	9.2575
705	410	3	107	5.7
780	610	3	103	7.3
730	380	3	107	6.1
?	?	?	?	9.975
?	?	?	?	?
720	435	3.5	101	7.95
705	515	4	?	6.9
?	?	?	?	?
720	430	2.5	87	8.1
790	560	?	?	6.3
770	330	3	?	6
790	450	3	92	7.67
800	435	?	105	9.12
?	?	?	?	?
750	650	3.5	104	6.5
780	605	3.5	110	7.86
790	420	3	109	8.3
740	500	3	86	7.133
610	780	4	?	6.5
760	545	3.5	112	?
535	330	2	?	6
?	?	?	?	6.7
690	270	?	?	?
770	530	4	104	6.8
?	?	?	?	9.19
710	480	3	?	?
?	?	?	?	?
?	?	?	?	?
?	?	?	87	6.9
?	?	?	?	?
?	?	?	?	?
770	590	3	?	7.7
705	410	3	86	6.3
780	360	3	85	7.8
575	280	2.5	90	6
750	700	4.5	110	7.5
730	420	3	92	5.758
720	280	2	79	7.729
760	560	?	115	8.36
?	?	?	?	6.5
535	605	?	?	?
720	620	3	104	7.5
790	560	?	?	6.3
790	485	?	100	8.1
?	?	?	?	?
750	340	3	102	?
800	530	3.5	107	7.18
?	?	?	92	8.51
?	?	?	?	?
720	320	?	80	6.6
?	?	?	89	6.4
?	?	?	?	?
800	605	3.5	111	8.4
644	340	2	87	?
800	580	3	?	6.3
490	290	2	?	?
?	?	?	?	?
?	?	?	?	?
730	395	?	?	?
730	395	3	101	7.1
740	560	4	112	8.3
?	?	?	?	?
?	?	?	87	?
?	?	?	?	?
790	485	?	?	7.8
780	550	?	?	?
770	465	4	108	6.85
800	550	3	108	8.2
800	480	3	98	?
740	395	3.5	91	7.8
705	370	?	?	9
680	330	3	89	7.541
800	635	4	104	7
800	465	3.5	?	8.7
790	500	?	?	8.38
800	580	3.5	106	5.6
760	530	3.5	?	6.8
690	330	2	80	?
?	?	?	?	8.76
?	?	?	?	?
?	?	?	?	8.68
?	?	?	?	?
?	?	?	?	?
?	?	?	?	?
?	?	?	?	?
760	410	3.5	95	8.07
?	?	?	?	8.1
730	290	2	83	?
770	500	?	?	7.7
?	?	?	?	?
730	630	4	?	?
730	330	3.5	?	6
?	?	?	?	7
800	465	3.5	108	8.7
730	340	?	?	5.6
790	360	3.5	110	7
800	420	4	106	8.07
780	635	4	?	?
780	635	4	?	6.5
720	420	3	100	8.34
720	290	3	79	8.23
790	490	3	82	9.25
780	465	3.5	111	9.26
?	?	?	?	8.5
770	380	3.5	?	8.82
740	500	4	106	6.9
750	530	3	102	6.92
720	545	4	?	8.35
710	460	3	105	6
750	635	3	?	6.9
760	240	2	88	6.1
760	465	?	100	8.38
?	?	?	?	7.86
705	280	3	?	7.3
?	?	?	?	?
800	435	3	92	7.712
780	420	3	98	7.6
730	450	3.5	100	6.5
670	460	2.5	?	?
800	510	3	100	?
770	450	3	93	9.175
705	380	3	94	6.9
740	380	3.5	93	6.656
730	460	3	105	7.2
575	280	2.5	82	6
800	650	3	110	9.21
740	370	2.5	97	7.9
800	590	4	?	9.11
?	?	?	?	?
770	410	3	93	8.2
750	435	3	105	7.893
?	?	?	?	8.5
800	450	?	?	8.6
760	450	3.5	104	9.2
750	490	3	91	6.4
770	575	3	101	8.73
730	485	2.5	99	7.9
720	420	4	106	?
?	?	?	?	6.5
730	380	3	?	?
?	?	?	106	7.902
770	370	3	97	7.9
790	370	?	93	7.62
790	485	4	109	7.1
790	420	3.5	96	9.05
?	?	?	?	10
770	545	3	?	?
790	590	4	?	9.525
?	?	?	?	?
?	?	?	?	?
?	?	?	?	?
770	370	3.5	101	6.5
705	515	4	?	6.9
760	290	3.5	84	7
740	410	3.5	?	7.55
760	395	3.5	107	8.254
?	?	?	?	?
770	450	4	103	8.54
630	420	3	89	?
720	310	3	?	?
790	465	3.5	114	9.86
?	?	?	?	?
800	700	3.5	?	?
644	330	3	101	7.48
?	?	?	?	?
?	?	?	?	6.1
790	515	4.5	?	7.518
?	?	?	?	?
?	?	?	?	?
?	?	?	?	6.77
780	450	3	101	7.3
780	640	4	?	9.01
800	620	4	?	8.41
760	470	4.5	?	8.112
790	435	3	?	6.926
790	450	3	95	8.61
?	?	?	?	?
770	420	3.5	97	6.8
?	?	?	?	6.8
720	300	2.5	79	6.4
770	330	3	95	9.44
770	575	3.5	110	7.8
790	545	3	103	7.8
790	545	?	?	7.53
800	575	4	109	9.11
800	560	3	102	9.27
780	420	3.5	?	?
780	640	3.5	101	7.6
800	360	?	101	7.41
?	?	?	?	?
790	435	3.5	109	9.73
780	450	3.5	105	8.388
?	?	?	?	?
705	380	3	?	8.6
740	280	2.5	80	?
740	515	?	?	?
770	465	?	100	6.32
730	515	4	?	7.84
750	435	3.5	101	8.047
740	250	?	87	7
790	450	3.5	107	9.6
800	605	3	108	8.27
?	?	?	?	8.4
780	530	?	?	7.81
790	590	3	110	8.5
790	560	3	?	7.8
740	420	4	110	7.5
720	380	2.5	101	8.49
595	340	3.5	89	6.44
770	465	3.5	102	8.35
780	360	2.5	?	6.83
?	?	?	86	7.4
?	?	?	?	?
800	465	3	92	7.1
800	380	3.5	96	6.4
665	360	?	?	?
780	420	3	100	7.84
?	?	?	?	8.7
790	560	3.5	108	8.7
680	280	3	?	6.9
780	410	?	?	7.9
800	575	4	?	8.5
800	380	3.5	106	6.5
690	300	3	?	?
?	?	?	?	?
750	340	3.5	100	5.4
770	350	3.5	?	8.602
770	380	3.5	?	8.82
780	410	2.5	?	8.5
740	320	2.5	?	6.6
800	465	3.5	112	7.4
800	500	4.5	117	8.15
665	340	3	?	7
?	?	?	?	?
?	?	?	?	7.8
770	620	4	112	7.86
770	?	3.5	100	8.08
800	420	4	?	7.9
760	330	3	?	7.38
?	650	?	101	6.5
750	410	3.5	97	7.4
720	380	3	92	8.257
740	450	3.5	?	?
555	280	?	?	6.8
790	540	4.5	100	6
?	?	?	?	?
770	465	3.5	107	7
?	?	?	?	?
?	?	?	?	?
740	465	4	?	7.8
770	340	?	?	7.6
705	410	?	?	8.36
800	605	?	?	8.313
790	465	3.5	110	9.6
800	560	3.5	116	7.55
800	465	3.5	106	9.2
750	515	4	105	6.82
710	470	3	?	7.061
780	590	?	?	9.1
740	450	3	88	6.314
?	?	?	?	5.8
?	?	?	?	?
?	?	?	?	?
770	500	4	92	6.63
800	485	4	112	6.296
740	395	3	95	7.2
770	485	4	111	6.95
790	500	4	?	7
780	435	?	?	9
644	450	4	93	6.47
780	395	3.5	?	8.875
770	370	3	83	8
770	380	3	98	8.99
770	395	3.5	100	7.114
770	410	3	101	7.9
800	485	3	?	6.3
790	560	3	110	8.7
720	465	4	100	8.2
800	575	4	117	6.8992
705	395	3	107	6.8
770	500	4	113	9.4
800	635	5	116	9.11
770	360	3	?	7.4
615	320	3	?	6.308
?	?	?	?	?
?	?	?	?	?
?	?	?	?	8.37
800	610	3	104	7.48
770	620	4.5	117	7.8
780	650	4	?	8.5
760	410	3	102	7.45
800	660	4.5	118	8.066
800	485	3.5	97	8.3
?	?	?	?	6.9
?	?	?	?	8.32
730	620	3	95	7.35
680	370	3.5	?	7.179
720	340	?	100	6.4
770	410	2.5	?	8.5
?	?	?	?	8.24
?	?	?	?	?
?	?	?	?	8.64
770	515	3.5	?	?
?	?	?	?	8.9
730	530	3.5	107	8.78
770	450	3.5	98	6.7
770	420	3	104	8.1
790	485	3	?	8.1
?	?	?	?	7.593
705	485	?	?	7
780	380	3.5	97	7.3
800	530	3	103	8.65
800	635	4	?	8.57
800	580	4	?	9.25
770	485	3.5	?	8.65
800	545	4.5	?	7.8
?	?	?	98	?
?	?	?	?	6.739
760	530	?	?	9.12
800	410	3.5	100	8.8
665	300	2	79	?
720	310	3	85	8.66
790	530	4	117	7.338
760	530	3.5	99	6.53
740	500	3	?	7.5
800	600	3	111	8.45
660	290	2	82	?
?	?	?	?	8.6
790	360	3	99	7
760	320	?	?	8.063
?	?	?	90	6.85
760	360	3.5	?	8.5
?	?	?	?	?
790	725	3.5	111	8.47
730	395	3.5	90	7.5
800	550	3.5	114	8.78
780	485	3.5	104	6.267
740	435	2	90	6.345
?	?	?	?	?
770	485	3.5	?	9.32
740	465	?	?	6.7
780	300	3	93	7.5
780	515	3.5	115	8.1
740	370	3	87	7.082
790	465	3.5	?	7.042
?	?	?	?	5.652
800	500	3.5	108	8.2
730	370	3	85	7.914
740	370	3	?	?
770	465	4.5	?	9.1
800	500	3.5	102	8.7
800	515	4	112	6.3
750	465	?	?	7.11
760	420	?	?	6.2
?	?	?	?	6.95
750	560	4	113	7.86
705	420	3	90	6.585
760	590	3.5	106	9.09
?	?	?	93	9.55
665	320	2.5	?	6.52
770	380	?	?	7.85
555	665	4.5	105	8.218
800	310	2.5	90	7.76
790	485	3.5	115	8.45
740	575	3.5	99	8.38
800	395	3	95	6
760	320	3	95	7
750	600	3.5	113	8.274
790	420	3.5	95	?
665	380	?	?	?
740	370	3.5	80	8.1
800	700	?	?	9.22
750	420	?	?	?
800	500	3.5	109	8.3
800	560	3	104	6.12
760	410	3.5	93	8.8
?	610	?	104	7.73
555	280	2.5	?	?
?	?	?	?	7.04
800	370	?	?	7.5
800	450	4	105	7.696
?	?	?	?	7.9
790	450	4.5	?	8.11
750	435	3	104	8.123
780	620	4.5	107	7.34
740	320	2.5	86	7
780	450	3	90	?
740	450	2.5	97	8.63
?	?	?	?	8.8
730	330	3.5	89	6.8
740	320	3	95	6.21
?	?	?	?	?
705	410	3	99	7.7
800	395	3	?	8
800	710	4	116	9.47
800	560	3.5	?	8.93
790	?	?	101	6.2
780	450	3	107	8.68
790	450	4	104	9.25
?	?	?	?	?
790	570	3.5	116	8.1
665	450	3	94	7.25
644	330	2.5	?	8.5
?	?	?	?	9.54
770	435	3	102	8.34
680	435	3	?	6.7
800	380	4	106	7.732
790	340	?	?	7.535
770	465	4	109	7.7
750	250	2.5	78	6.946
800	605	4	110	6.7
800	685	3.5	110	7.7
800	660	3.5	112	?
770	465	3	?	7.66
790	685	4	108	7.6
800	720	4	118	6.8
770	410	3.5	107	9.425
800	410	3.5	82	9.31
720	410	3	93	?
800	395	3	?	8.01
740	465	3	99	8.87
760	340	3	97	6.7
760	370	2.5	?	7.3
730	320	2.5	?	7
800	450	3.5	?	?
800	560	4	116	7.022
730	450	3.5	101	9.2
740	370	3.5	87	8.1
790	340	2.5	82	7.61
800	465	3	109	7.52
750	370	3	90	7.9
800	605	4	?	8.36
750	545	?	?	8.3
?	?	?	?	7
760	450	4	96	7.2
800	515	4.5	?	7.98
770	435	3	105	8.2
770	360	3	?	7.3
780	410	3	97	6.1
312	410	3.5	?	?
800	440	3	108	8
800	575	3.5	115	8.31
780	420	?	?	8.7
760	530	4.5	104	7.68
750	420	3	100	6.4
780	635	3	109	6.261
?	?	?	?	8.96
740	450	3	?	8.83
740	360	3	89	5.54
790	450	4	?	9.6
790	465	4	116	7.45
790	370	3	?	8.9
800	660	4.5	118	8.1
770	310	?	88	8.41
740	310	2	86	6.66
750	435	3.5	105	7.925
800	450	?	?	7.97
770	450	3	106	7.98
?	?	?	?	7.7
?	?	?	108	9.49
760	780	3	100	8.3
730	435	3.5	103	7.275
705	450	?	?	7
730	310	3	?	7.57
172	173	4	100	?
760	290	2	?	6.5
790	530	3.5	112	8.05
690	410	3.5	97	7.75
?	?	?	?	?
?	?	?	?	7.96
750	370	3.5	79	?
615	590	4	105	7.85
750	435	3	100	6.938
790	500	3.5	100	7.49
730	450	3.5	84	8.4
770	420	3	?	7.52
770	450	3	108	7.12
770	450	3	110	7.85
790	360	2.5	93	7.4
780	560	4	105	6.9
770	600	?	?	?
790	450	3	104	8.5
700	440	3	105	7.6
790	500	3.5	?	8.82
790	395	3.5	103	8.51
750	320	3	84	?
665	380	3.5	94	7.2
800	450	?	105	?
660	420	3.5	100	7.8
740	560	4	?	6
800	620	6	119	7.66
780	460	3.5	95	7.67
740	560	4	113	6.005
?	?	?	?	8.68
750	650	3	101	8.1
770	515	4.5	115	7.48
630	395	3	?	?
750	465	3.5	107	8.39
800	485	?	?	8.35
800	410	3.5	106	9.14
800	600	4	117	8.467
740	485	3.5	111	9.004
800	560	3	?	?
630	435	3.5	?	7.3
800	515	4.5	114	9.08
740	380	3.5	98	8.5
?	?	?	?	?
800	545	3.5	112	7.7
800	560	3.5	?	7.7
?	?	?	?	7.3
800	530	3.5	97	7.06
770	665	5	120	7.8
319	560	3.5	109	8.23
790	500	4	116	7.02
760	450	3	103	9.24
800	590	?	?	9.58
790	560	4.5	113	9.6
760	485	4	?	8.6
760	410	3.5	90	6.32
800	620	3.5	?	6.7
790	685	4	111	7.84
705	380	2.5	104	7
?	?	?	?	8.2
730	290	2.5	?	?
770	395	?	?	7.87
740	290	2	?	7.1
790	545	3.5	112	8.83
680	435	4	?	?
780	530	3	102	6.3
780	380	3	?	6.4
790	400	3	102	8.52
750	320	2.5	92	8
770	420	3.5	97	6.8
770	450	?	95	7.9
800	590	3	109	8.77
790	485	3.5	110	7.5
770	515	4	113	9.26
790	460	3	92	8.55
800	560	3.5	?	8.18
790	420	3	97	8.27
760	620	3	102	6.99
800	560	3	100	?
770	500	3	109	6.815
800	450	3.5	112	6.44
780	435	4	116	9
730	360	3	98	7.9
800	465	4	109	7.45
750	370	4	92	6.4
770	500	?	?	9.12
800	410	?	92	?
800	570	?	?	9.16
?	?	?	96	8.55
770	550	3.5	111	?
780	435	3.5	95	?
790	570	4.5	?	7.4
720	380	3	101	?
656	628	3.5	110	8.52
270	720	1	?	?
644	330	2.5	73	?
800	610	4.5	?	8.16
?	?	?	?	?
295	310	2	95	7.58
?	?	3.5	?	6.164
760	500	3	104	6.95
720	340	3	102	6.8
760	420	2.5	103	8.7
760	450	3.5	?	8.62
790	465	4	116	?
730	560	?	?	6.4
790	510	4	108	7.65
705	485	3.5	109	7
?	?	?	?	?
790	380	3.5	96	9.12
?	?	?	?	?
760	530	3	?	?
800	395	3	?	8.01
644	330	2.5	?	6.6
630	395	3	?	6.55
800	620	4.5	108	?
790	500	?	?	8.3
780	310	3.5	?	6
800	320	2.5	95	8.03
790	545	?	?	7.3
?	?	?	?	7.67
770	635	3.5	111	8.75
780	450	4	109	?
780	515	3.5	114	?
790	410	3.5	?	9.5
800	485	4	?	?
800	380	3	?	8.2
705	420	3	?	8.57
705	450	4	101	6.14
?	?	?	?	6.833
720	370	3	87	6.843
770	435	3.5	105	8.83
760	420	3	85	8
800	490	?	?	?
760	340	3	?	8.8
680	410	2.5	?	8.54
800	260	?	92	7.7
740	450	3.5	107	8.99
790	515	3.5	107	6.5
720	290	2.5	?	6.97
800	485	?	?	7
750	380	3	103	6.834
305	380	?	96	?
770	450	3	107	?
780	635	4	115	8.33
720	370	2.5	?	6.5
?	?	?	?	8.385
800	575	4	?	8.863
?	290	?	84	4
?	?	?	?	?
770	280	3	?	8
690	420	4	103	8
?	?	?	?	?
780	395	?	99	7.283
790	465	3	103	?
760	320	3	81	8.2
750	465	3.5	104	5.8
?	?	?	?	7.9
750	350	2.5	?	?
705	380	?	?	7.081
665	360	2.5	92	?
770	450	?	103	5.7
790	560	?	103	8.41
760	560	3.5	114	8.4
690	485	?	?	9.175
770	515	3.5	102	7.25
?	?	?	?	7.5
760	545	4	106	8.242
790	410	3	109	9.39
690	420	3	110	7.24
790	435	3	?	7.3
800	465	3	91	6.7
?	?	?	?	?
790	370	2	?	8.53
770	515	3	115	7.1
800	530	?	?	9
?	?	?	?	?
710	510	4.5	103	6.7
?	?	?	?	?
790	465	4	106	?
760	310	?	?	?
770	360	3	?	6.77
?	?	?	?	?
780	465	?	?	8
800	515	4	?	6.6
?	?	?	?	?
644	420	2.5	?	6.91
800	640	4	112	7
770	320	3	?	7.01
?	?	4.5	119	9.1
705	320	2	85	7.336
800	465	2.5	94	8.87
770	380	2.5	?	8.08
760	410	3	96	6.7
595	340	3	82	6.3
790	230	2.5	80	7.2
705	380	3	?	6.9
760	515	4.5	112	7.95
770	485	3	96	7
740	320	3	101	6.9
705	395	3.5	?	6.84
750	380	2.5	87	7.3
770	320	2	99	8.2
750	485	3.5	90	?
590	280	2.5	?	?
720	310	?	86	?
705	380	3	?	?
740	380	3	92	8.7
?	?	?	?	?
790	410	3	90	?
705	450	3	?	7.8
740	370	3	97	7.1
630	270	?	?	7.5
730	485	3	?	8.3
665	380	3	?	?
730	370	2	76	7
780	485	3	106	7.7
740	395	3	105	?
770	640	5.5	?	9.2
644	370	2.5	90	?
750	340	3	98	?
720	395	3	?	7.724
790	380	3	100	8.1
680	420	2.5	95	7.53
750	370	4	108	8.82
690	380	?	95	9.752
?	?	?	?	9.78
705	420	4.5	112	8
760	435	3	93	7.23
790	515	4	117	8.01
540	800	3.5	98	9.33
730	395	3	94	7.82
680	330	3	86	?
730	395	3	82	6.2
770	420	3	?	6.18
750	290	3	?	7.2
?	?	5.5	?	9.33
770	485	4	106	?
800	515	4	110	7.531
790	410	3	90	?
800	485	4	100	7.37
770	370	3	?	8.4
705	380	?	97	?
?	450	3	?	8.32
680	560	3	113	5.907
750	515	4	114	8.59
740	450	3	106	6.5
770	500	3.5	?	?
800	590	4	108	9.25
800	450	3.5	103	?
770	485	3	98	8.37
730	600	5	?	7.9
690	290	3	?	6.7
800	485	3.5	109	7.904
?	?	?	?	6.262
760	485	?	105	5.8
770	450	?	97	7.77
780	485	3	103	7.69
?	?	?	?	?
770	485	3.5	113	8.32
720	435	3	?	8.13
800	545	3.5	98	9.04
?	?	?	?	7.8
750	410	3	99	7.2
705	410	?	85	7.7
?	?	?	?	?
770	300	3	?	5.956
?	?	?	?	?
790	485	3.5	104	8.305
790	530	3	113	8.1
770	485	4	95	?
?	?	?	?	7.77
?	?	?	?	7.86
690	370	3	?	7.3
760	395	3	97	7.4
800	575	4	107	?
790	545	4	114	7.6
710	590	3.5	98	6.4
790	640	4.5	112	9.23
770	300	2	?	7.13
720	485	4	108	?
800	410	3	99	6.957
780	465	3.5	?	8.113
730	380	3	84	7.4
750	435	3.5	108	7.8
800	500	?	?	8.72
?	?	?	?	6.62
485	485	3	?	6.516
760	360	3	98	8.5
705	590	3	106	?
730	395	4	102	6.771
760	435	3	?	?
?	?	?	?	8
770	450	3	94	7.91
644	590	3	103	?
575	635	?	103	8.5
?	?	?	?	8.69
800	650	4	109	8.9
705	330	3	90	8.43
790	465	3.5	94	7.57
770	530	3.5	105	7.533
750	435	4	106	5.7
720	450	3.5	92	?
770	450	3	104	7.366
680	560	4.5	109	?
720	340	3	?	8.47
770	435	3	104	?
?	?	?	?	9.325
790	450	3	?	6.72
780	605	?	?	9.24
790	420	3.5	95	8.8
730	530	3	97	7.9
644	330	2.5	85	5.78
535	290	2	?	?
510	605	3	102	7.124
630	320	2.5	?	7.3
780	530	4	107	7.784
665	310	2.5	?	?
760	330	3	98	8.36
644	360	3	98	?
705	360	3	79	?
293	310	3	?	6.96
?	?	?	86	8.962
720	370	3	?	6
800	590	3	108	6.7
183	380	3	?	7.691
720	310	2.5	90	7.37
485	310	2.5	?	7.1
740	420	3.5	103	8.18
740	370	3	?	6.4
790	540	3	118	9.33
790	410	3	90	8.6
770	560	3.5	110	7.8
790	420	3	?	6.65
?	?	?	?	7.37
760	450	3	110	9.02
770	410	3	101	7.9
760	575	3	111	7.71
?	?	4	106	?
?	?	?	?	8.3
790	485	3.5	101	8.619
720	420	3	96	?
800	570	4	?	7.49
760	465	3.5	95	?
790	780	6	112	8.75
720	360	4	?	8
770	485	3	101	7.15
730	450	3.5	107	7.247
800	530	5.5	102	7.1
?	?	?	?	?
780	500	3.5	110	8
790	410	3.5	102	8.84
630	320	3.5	85	7.5
299	320	?	90	?
665	370	2.5	90	7.73
720	560	?	?	8.5
720	380	3	?	7.43
595	280	2	?	7.6
770	485	3.5	96	9.05
?	?	?	?	?
780	515	3	?	8.1
?	?	?	?	?
644	395	2	?	7.36
750	560	?	?	?
800	560	3.5	109	7.7
?	?	?	104	7.78
730	330	3	100	6
720	580	?	?	7
790	465	3.5	97	7.9
800	395	?	98	7.904
720	330	2.5	92	?
760	370	3	102	7.14
770	545	4.5	118	8.2
770	485	4	110	8.89
740	590	2.5	95	8.35
770	370	3	103	8
750	380	3	86	7.5
?	?	?	?	?
?	?	?	?	7.475
800	545	4.5	101	8.51
770	515	4	111	8.333
555	590	3	96	6.52
800	395	3.5	98	9.4
665	370	?	?	7.4
800	665	5.5	112	7.9
800	320	3	95	8.28
?	?	?	?	?
750	310	2	93	8.1
?	?	?	?	?
?	?	?	?	7.7
790	635	4	116	8.8
?	?	?	?	7.7
760	420	3	?	9.02
644	300	2.5	?	9.125
770	465	3	110	8.45
720	410	3.5	95	?
?	?	?	?	7.582
644	320	2.5	?	?
?	?	?	?	?
770	575	4.5	116	?
800	680	4.5	?	7.7
750	420	3.5	111	7.4
?	?	?	?	?
615	280	1.5	85	6.3
760	360	3.5	96	7.356
730	380	3	91	6.5
750	450	3.5	100	9.07
800	310	3	85	7.95
770	360	3	106	9.05
800	580	3	99	?
800	560	3	93	?
790	420	3	94	5.81
800	450	4	109	9.3
740	435	3.5	?	7
720	530	4	105	7.5
760	465	3	98	7.6
?	?	?	?	?
760	450	3	98	8.51
644	420	3	93	?
750	420	?	87	?
780	575	4	118	?
800	395	3.5	97	8.78
?	?	?	?	8.75
800	620	4	110	8.38
770	410	3	97	7.8
770	575	3.5	111	8.2
800	650	4	116	8.3
595	420	3	94	6.9
750	320	2.5	?	6.49
790	560	4	109	9.6
750	300	3	?	8.293
800	435	3.5	111	7.7
?	?	?	?	7
800	610	4	112	7.467
705	310	2	?	7.047
720	435	4	92	7
595	340	2.5	?	6.6
665	450	3	95	6.5
760	?	3	88	6.61
690	360	3	86	7.2
750	380	3	?	7.56
800	360	3	92	6.8
790	500	4.5	109	8.32
720	410	3	97	6.67
800	650	4	110	8.31
780	530	3.5	111	8.5
?	?	?	?	?
770	360	3.5	102	7.032
630	320	2.5	?	7.3
?	?	?	?	?
730	370	?	?	?
800	665	4	113	8.88
760	380	2.5	95	7.5
790	320	2.5	82	6.3
750	320	3	?	?
760	530	2	?	8.2
760	500	3.5	104	9.17
800	515	3	103	8.2
770	370	3	?	8.36
780	500	3.5	107	5.2
750	710	3.5	107	8.45
770	500	3	?	8.1
720	500	3	101	?
?	?	?	?	8.37
595	280	2	95	?
800	560	4	113	9.27
770	485	3	107	7.21
535	380	2.5	?	?
740	230	3.5	?	6.25
780	465	3	104	8.047
?	?	?	?	?
?	?	?	90	?
790	485	3	97	?
?	?	?	?	6
690	360	3.5	93	6.289
730	435	3.5	93	6.8
665	370	3	84	7.1
?	?	?	?	7.2
790	450	3.5	106	7.6
790	380	3	97	8.72
485	340	?	98	?
780	465	3	87	?
?	?	?	?	6.7
660	760	3	104	8.77
740	435	3	87	7
760	410	3	102	8.3
790	560	4	114	7.95
790	280	3	?	7.2
800	485	4	106	?
800	700	4.5	115	6.2
760	530	4	106	9.575
720	360	3	?	8.25
790	500	3	98	8.51
760	330	3	92	7.6
720	560	3	104	6.7
680	560	3.5	112	8.6
800	500	3	111	8.9
770	380	2.5	99	6.2
800	330	2.5	86	6.78
720	310	3	93	6.7
680	380	2.5	?	7.1
740	360	2.5	89	7.7
720	450	4	108	8.54
?	?	?	?	?
?	?	?	104	8.6
?	?	?	?	7.1
760	465	3.5	98	7.7
630	780	3.5	102	9.3
800	450	2	?	6.9
770	280	2.5	?	7.2
790	515	4	118	6.99
595	270	2.5	78	7.58
?	?	?	?	6.32
790	370	3	83	7.5
?	?	?	?	?
770	340	3	88	7.2
?	?	?	?	6.89
?	?	?	?	?
665	435	2.5	?	?
?	?	?	?	?
555	320	?	87	?
800	605	4	110	8.514
?	?	?	?	?
790	570	3.5	110	6
770	515	3.5	?	?
770	545	3	85	?
790	515	3	?	7.1
615	310	3	88	6.025
760	620	3.5	100	9.25
730	340	2	78	6.313
720	330	2.5	?	7.1
465	310	2.5	?	9.6
?	?	?	?	?
740	410	3	95	8
?	?	?	?	?
760	360	3.5	103	8.434
770	320	3	?	7.6
?	?	?	?	9.225
760	395	3.5	104	?
690	301	4	?	?
760	515	4	?	7.4
800	450	4	109	8.125
770	485	3	?	6.4
?	?	?	?	8.48
?	?	?	?	?
?	?	?	?	?
730	420	4	100	7.5
595	340	3	87	8.25
575	395	3	78	?
?	?	?	?	6.5
?	?	?	94	8.9
800	360	3	?	7.5
770	530	3	108	5.7
?	?	?	?	?
740	380	3	97	7.8
800	450	4	?	?
770	465	3.5	104	7.425
690	420	3	108	7.6
800	515	3.5	103	?
760	370	3.5	95	6.8
750	320	3	?	7.7
770	610	4	115	8.6
615	340	2.5	?	7.37
770	590	3.5	111	8.58
790	570	3.5	106	9.3
750	420	3	104	8.17
?	?	?	105	9.2
790	545	4	109	6.5
790	700	3.5	112	?
780	465	3	90	7.285
730	450	3	?	7.71
780	485	3.5	111	9.17
770	420	3.5	99	8.8
?	?	?	?	?
390	680	3	106	8.05
770	420	3	95	5.885
800	500	3.5	107	8.9
?	?	?	?	?
740	485	3	106	7.2
730	310	2.5	?	?
730	370	2.5	?	8.3
770	320	3	86	5.51
?	?	?	?	?
630	280	2.5	?	7.6
740	485	3.5	113	8.64
790	310	3	83	8.16
730	410	3	101	7.96
730	450	3	97	?
?	?	?	88	?
750	560	4	113	7.9
800	620	4	?	6.57
720	500	3	103	?
790	515	3	109	7.32
705	300	2.5	?	5.99
710	390	3	92	8.85
760	380	3	?	?
750	395	3	91	?
800	530	4.5	105	6.75
720	395	3.5	95	9
465	590	3.5	98	9.5
770	420	3	?	7.64
740	330	3	85	7.4
705	300	3	85	8
665	435	?	101	7
?	?	?	?	?
?	?	?	?	?
302	320	4	86	8.6
770	485	3	105	7.4
720	360	3.5	?	?
?	?	?	?	?
800	580	4	105	8.97
800	545	2	106	?
790	370	2	?	8.52
800	650	3.5	102	8.86
730	590	3.5	109	5.8
770	605	3	?	6.986
?	?	?	?	?
665	310	3	84	?
705	290	2.5	?	?
800	465	3	99	?
?	?	?	?	?
790	370	2	?	8.5
780	360	3	96	9.04
?	?	?	?	?
740	360	3	83	7.34
?	?	?	95	9.2
770	450	3	99	7.43
790	485	3	98	?
770	435	2.5	92	8.57
760	330	2	?	6.19
770	450	3	94	8.4
?	?	?	?	7.7
690	395	3.5	?	8.6
790	485	4	112	8.72
790	410	3	90	?
780	465	3	106	8.06
800	435	3	?	8.48
760	395	3	102	?
630	435	3.5	89	8.2
750	420	3	102	?
760	540	4.5	100	8.5
615	465	3	100	6.5
780	340	3.5	95	6.5
800	290	3	?	7.1
770	410	3.5	109	8.45
790	270	3	88	?
780	320	3	99	8.2
800	370	5	100	6.6
485	290	2	?	7.7
780	435	3.5	?	?
535	330	3	100	7.9
800	450	3	?	7.175
730	420	3	107	7.1
321	685	?	115	9.32
770	395	3.5	103	7.5
780	680	5	?	?
790	450	3.5	107	8.202
644	340	3	86	8.325
740	340	3	93	8.3
740	310	2.5	?	6.8
630	360	2	?	6.762
?	?	?	?	?
770	500	3	101	7.6
770	450	3	91	?
800	660	3.5	?	6.8
720	395	3	94	7.704
760	330	3	109	?
770	435	3	?	7.5
770	485	2.5	107	6.8
?	?	?	?	?
720	575	4	117	8.2
510	300	2.5	?	7.16
800	380	4	112	?
?	?	?	?	7.56
?	?	?	?	?
665	420	3.5	91	?
770	450	3.5	93	9.55
720	515	3	96	8.59
770	410	3.5	104	6.2
760	560	4	109	8.51
644	435	3.5	108	?
770	485	4	109	?
720	410	2.5	82	6.4
?	?	?	?	?
750	575	4	104	6.3
800	370	3.5	101	9.37
740	395	3	?	?
?	?	?	?	?
790	370	3.5	93	7.1
750	465	3	107	7
770	605	3	105	8.71
665	380	3	87	5.5
720	395	4	92	6.5
800	710	4	117	?
750	360	4	?	6.3
319	575	?	110	7.8
740	380	?	?	7.24
?	?	?	?	?
790	530	?	?	5.7
?	?	?	?	?
740	465	3	109	7.83
?	?	?	?	?
?	?	?	?	?
740	410	?	91	6.5
?	?	?	?	?
780	560	3.5	105	7.2
770	360	2.5	86	7
800	590	4	116	?
297	330	3	94	7
800	440	4	108	7
720	420	3.5	?	5.76
740	410	3	102	?
780	370	2	?	7.23
281	?	2	?	?
680	420	3	98	7.8
?	?	?	?	9.08
?	?	?	?	9.1
720	395	3	84	?
555	310	2	56	5.3
730	380	2.5	82	?
665	370	3	84	7.1
720	380	3	77	?
?	?	?	?	7.23
770	380	3.5	98	?
730	395	3.5	81	?
690	300	3	82	6.5
?	?	?	?	?
?	?	?	?	?
730	590	4	108	8.925
?	?	?	?	9.18
800	600	5	?	8.5
800	560	3	98	7.1
680	395	2.5	?	7.7
?	?	?	?	7.9
800	575	3	108	7.9
290	260	3.5	?	6.5
740	465	3	104	7.4
780	600	4	111	6.8
?	400	?	87	7.1
?	?	?	?	?
720	320	3	82	6.9
705	320	2.5	?	7.02
780	520	3	104	6.3
780	460	3	?	8.025
800	635	3.5	106	8.25
680	380	2.5	?	6.096
535	320	2	72	?
690	410	?	107	?
780	435	3.5	105	9.38
705	590	3.5	98	6.32
720	360	3	?	7.267
770	380	2.5	?	?
800	450	3	103	7.97
?	?	?	?	?
?	?	?	93	8.34
790	395	4	93	7.03
780	640	4	?	?
720	330	?	104	?
780	370	2	?	7
800	500	4	?	7.7
800	540	3	87	6.93
730	540	?	?	7.676
?	?	?	?	8.5
740	560	4.5	?	8
750	370	3	92	?
720	490	?	110	?
?	?	?	?	6.4
705	360	?	79	6.9
690	320	3.5	?	6.7
780	460	3.5	98	7.5
?	?	?	?	6.8
790	560	5	114	8.52
670	680	4	113	7.02
?	?	?	?	?
790	685	4	110	9.3
?	?	?	?	?
760	560	3.5	99	7.61
800	550	4	101	7
780	380	?	?	6.9
800	600	?	?	8.5
800	600	?	?	8.5
800	520	4.5	?	6.5
790	590	4	?	?
750	470	3.5	103	6.63
800	340	3.5	81	6.9
760	630	3.5	110	7.5
800	690	5	?	9.82
770	370	3.5	99	7.4
760	400	?	95	?
770	380	3.5	?	6.87
740	570	4.5	?	7.5
670	620	5	116	7.78
?	?	?	74	6.8
760	280	3	68	?
790	370	3.5	106	6.08
690	560	3.5	103	7.5
800	500	3.5	105	7.77
800	710	5	?	8.6
750	380	3.5	105	7.55
670	380	3	97	7.2
720	320	3	96	7.2
790	680	5	?	8.2
740	360	3	90	7.8
790	580	4	110	6.8
780	550	4	?	6.7
?	?	?	?	?
790	430	4	111	6.463
800	550	5	105	7.8
?	?	?	?	?
760	510	4	?	9.07
740	340	4	?	8.2
800	410	3.25	?	8.75
780	630	3.5	101	7.4
750	610	4.5	111	7.8
680	490	3.5	?	7
780	520	3.5	107	?
700	400	4	89	6.4
800	730	4.5	?	6.5
750	610	4.5	111	7.8
750	350	3	98	5.3
800	360	3	105	7.5
?	?	?	?	8
800	640	5	113	8.54
800	660	5	110	7.3
790	530	?	?	8.65
800	360	4.5	95	8.1
730	260	2.5	77	10
590	410	3	93	6.1
770	360	?	?	6
800	430	3.5	104	9.18
800	630	5	?	7.6
740	390	3.5	99	?
570	320	?	61	6.7
620	350	3	?	7.707
760	550	5.5	?	?
?	?	?	?	8.83
730	450	4	113	7.65
790	530	3.5	109	7.5
?	?	?	?	?
780	410	3	?	6.8
740	450	4	?	6.6
780	580	5	110	8.4
800	680	4.5	?	7.92
800	710	5	?	7.563
750	310	3.5	85	6.1
740	480	4	102	8.34
730	620	?	?	10
780	370	3.5	92	9.34
650	270	3	63	7.328
630	460	3.5	88	8.4
780	650	5	105	6.071
?	?	?	?	?
770	620	4.5	114	6.7
?	?	?	?	7.2
760	550	?	?	7.8
750	490	?	?	?
720	570	5	?	6.5
800	530	3	96	?
750	390	3.5	102	7.34
?	530	4.5	115	?
720	420	?	?	5.6
800	610	4	109	7.2
800	730	4.5	110	8.54
800	580	?	112	8.2
710	530	?	?	7.2
640	620	?	?	?
730	480	3	94	6.866
760	550	3.5	?	8.02
800	500	?	?	?
760	520	?	?	6.5
790	380	?	?	6.3
800	630	4.5	?	9.023
760	560	?	?	9.23
760	580	3.5	?	?
750	310	4	104	6.2
750	280	?	?	7.5
760	380	3.5	?	6.422
790	560	?	?	7.3
800	520	4	?	8.711
800	500	?	?	6.5
800	500	4.5	116	?
760	460	?	?	7.1
760	320	3	95	6.8
790	530	4	111	8.6
760	460	4	105	6.3
760	620	3.5	102	?
770	550	3	105	5.5
750	490	?	92	7.1
700	430	?	100	?
690	370	?	?	6.7
790	660	?	?	9.75
800	310	2.5	92	7
790	500	?	?	8.82
740	450	4.5	102	9
800	420	?	?	7.2
780	480	3.5	105	7.7
740	540	4.5	116	8.6
800	590	4	?	8
770	360	3.5	111	5.7
800	470	3.5	103	7.2
700	330	3	96	6.85
790	340	4	96	8.088
780	720	?	?	?
790	700	5.5	?	6.95
740	320	3.5	101	5.6
720	450	?	80	?
800	420	3	109	8.51
770	530	3.5	105	7
760	330	3	106	7.8
770	760	4	114	7.3
700	330	3	90	5.85
470	790	3.5	112	8
800	380	3.5	98	6.5
800	680	4.5	115	7.4
780	310	3	84	5.2
760	510	3	95	6.82
720	310	2	90	?
590	370	2.5	80	6.4
770	640	4.5	?	8.6
790	590	4.5	?	5.8
730	320	3	81	6.4
750	480	4	?	6.7
740	530	3	?	5.6
770	590	5	106	6.7
790	500	2.5	81	6.5
790	520	4	112	?
790	540	3.5	94	7.6
780	630	3.5	104	?
800	670	4	115	8.4
780	300	3.5	80	7
800	520	3.5	?	8.23
800	550	4	98	8.89
780	390	3	100	7.77
740	520	3.5	109	7.14
?	?	?	?	?
530	330	2.5	?	?
800	720	4	?	7.2
?	?	?	?	?
?	?	?	?	?
740	460	?	?	?
720	350	3.2	69	6.2
800	650	3.5	109	?
800	530	4	113	?
760	720	?	?	8.6
650	390	3	?	?
730	280	2.5	67	7.2
660	320	3	86	7.1
?	?	?	?	?
710	460	3	102	?
800	530	3	111	7
770	480	4	?	8.3
800	260	2.5	97	6
660	320	3	90	?
800	600	5	?	6.5
720	270	?	90	7.1
750	280	2.5	92	6.08
?	?	?	?	?
650	400	3	80	?
?	?	?	?	5.23
780	330	3.5	?	?
670	280	3	92	?
690	280	?	?	6.1
800	690	4	100	8.76
790	550	4	100	6.945
740	570	3.5	98	7.823
800	680	5	110	8.54
760	560	?	?	7.36
710	560	3.5	85	6.2
780	640	3.5	?	8.233
780	550	5	?	8.3
700	450	3	82	7.2
800	740	4	113	9.07
690	460	3	?	6.5
800	720	5	?	8.94
?	?	?	?	?
800	330	?	92	7.6
700	350	?	93	7.5
750	480	?	?	?
740	310	2	?	6.861
790	550	5	114	8.18
800	580	3.5	113	7.91
740	720	6	?	8.8
690	270	4	80	?
720	330	2	?	7.4
740	340	3.5	101	5.6
?	370	?	85	7
740	590	4	104	6.67
650	450	3.5	92	6.6
787	560	?	111	5.6
720	230	3	?	7.02
750	410	3	110	7.897
790	640	5	?	9.65
800	680	4	107	6.642
740	390	2.5	81	5.8
760	580	?	?	6.128
770	730	6	120	7.9
800	600	4	105	9.28
760	460	4	?	7.994
?	?	?	?	?
670	390	3	108	8.15
740	450	3	107	6.8
790	510	4.5	117	7.771
?	?	?	?	?
780	660	3.5	?	8
800	650	4	112	7.601
800	660	4	?	?
790	620	3.5	115	8.51
800	620	3	97	6.07
780	550	3.5	114	8.54
800	540	3	100	9.06
740	450	2.5	81	7.309
780	630	3	100	7.5
800	580	?	?	8.94
800	670	4.5	?	7.11
710	600	2.5	88	5.64
?	?	?	?	?
750	580	3	100	6.5
780	600	4	?	9.1
740	310	3	75	6.8
780	340	3	100	6.5
800	650	4.5	110	7.56
?	?	?	?	?
750	560	3.5	98	8.08
800	700	4.5	117	8.5
740	370	3	90	9.725
750	350	3.5	?	7.5
800	640	3	109	7.73
800	380	3.5	106	6.9
720	520	4	105	6.7
780	550	?	?	8.9
780	650	4.5	?	8.67
800	580	4	111	7.805
640	430	2.5	79	7.47
760	590	4	107	8.46
800	670	3.5	?	8.23
740	450	3.5	107	6.89
800	720	4	114	8.5
800	600	?	?	8.05
790	560	3.5	108	7.3
800	640	4	107	8.28
800	570	4.5	?	6.6
770	590	3.5	111	9.51
650	560	?	?	?
790	560	3.5	110	8.125
790	620	5	106	7.43
800	550	4.5	?	7.99
800	440	2.5	89	8
780	540	3	104	7.85
730	540	3	104	6.74
800	710	3.5	112	7.4
800	680	5	116	7.057
690	430	3.5	89	8.1
760	430	3.5	91	6.3
780	430	3	95	7.6
760	470	3.5	107	7.1
800	550	4	107	7.202
800	600	3	96	7.6
720	640	?	111	6.8
800	390	?	?	?
800	540	4	105	7.6
?	?	?	?	?
800	640	4	108	8.25
800	380	?	?	8.2
800	680	4	?	8.87
?	?	?	?	?
780	520	3.5	103	7.77
740	270	3.5	90	7.3
670	270	3	85	?
800	540	4	102	8.47
800	740	4.5	?	6.95
780	660	3	114	7.1
780	500	3.5	108	8.41
740	490	3.5	97	6.2
800	580	4	111	7.805
730	500	4	120	?
610	320	2	108	5.75
800	400	3	103	6.2
800	575	4	112	8.9
720	360	3	?	9.5
740	580	3.5	109	6.84
740	590	3.5	104	6.67
550	550	3	?	7.4
800	670	5	112	8.1
750	420	2	?	7.4
780	640	4	116	8.78
730	420	3.5	105	?
800	550	4	110	8
800	690	3.5	118	7.13
800	580	4	115	8.08
730	690	4	109	7.9
710	460	?	?	7.55
800	650	4	?	7.68
800	560	3.5	?	7.1
770	520	3.5	107	8.4
770	570	3.5	110	6.2
760	520	3	97	9.925
770	690	3.5	103	9.6
800	690	5	111	8.23
800	680	4.5	115	6.017
690	290	2.5	?	7.2
790	360	3.5	?	7.1
790	510	3	?	7.86
790	600	4	108	8.27
?	?	?	?	7.1
800	500	3.5	100	6.5
640	420	4	97	7.1
780	530	4	111	6.2
780	460	3.5	109	8.171
770	410	3	107	6.8
780	620	4	?	5.65
800	650	4.5	?	8
790	630	3	?	?
720	460	3.5	111	7
710	300	3.5	82	5.8
770	570	3.5	110	6.2
800	690	3.5	107	8.23
790	400	3	?	8.68
?	?	?	?	?
800	460	?	?	9.05
760	640	3.5	110	8.54
800	590	4	102	8.17
740	300	3	91	5
800	570	4	?	8.3
700	280	?	?	7.1
730	310	2.5	91	8.61
720	470	?	90	8
800	720	3.5	106	7.1
800	550	3	102	5.85
740	560	3.5	96	7.98
790	600	4	105	8.06
710	440	3	?	?
790	440	3.5	107	8.22
760	470	3.5	99	7.05
740	600	4	106	8.4
800	590	3.5	?	8.21
720	460	?	101	7
780	300	2.5	100	6.127
720	610	4	106	8.3
800	480	3.5	105	8.2
700	350	3	?	?
780	620	3.5	110	7.97
730	270	2	?	?
790	510	3.5	109	9.53
800	510	3.5	94	7.2
730	270	2	?	5.6
800	460	3.5	104	8.76
720	560	4	110	6.7
800	550	5	106	7.8
600	600	5	108	?
790	610	4.5	112	7.22
750	550	4	?	6.1
800	630	3.5	103	?
780	610	?	100	7.3
680	520	?	?	?
700	460	4	101	7.4
730	310	?	?	8.61
800	510	2.5	94	7.35
780	650	4	111	7
800	570	3.5	114	7
800	630	4	113	9
740	320	3	90	?
730	570	3.5	104	8.75
800	650	4.5	115	8.14
800	560	?	108	8.27
800	320	?	?	7.3
730	370	?	?	7.3
700	410	?	?	7.4
760	490	3	102	8.4
750	500	?	90	9.3
750	570	3.5	115	?
780	530	4	108	8.2
780	440	3	96	7.96
770	720	3.5	106	6.368
790	510	3	103	9.12
790	390	3.5	94	?
770	460	3	?	8.3
790	480	?	?	8.32
800	530	4.5	114	6.24
590	400	3	79	7.2
800	410	?	?	7.3
730	370	3	99	6.493
750	400	?	?	8.85
790	610	4.5	113	7.8
790	700	4	116	8.011
760	600	3.5	?	6.5
790	600	5	112	7.8
800	600	4.5	111	7.5
780	620	3.5	106	6.4
690	630	?	111	7.4
800	700	4.5	112	8.5
770	465	3.5	101	6.75
750	420	?	?	9
800	600	4.5	?	7.4
?	?	?	?	7.2
780	480	3	97	8.35
660	320	4	?	5.6
730	350	?	?	8.4
800	530	4	115	8.68
800	580	3	100	6.5
780	630	3	102	8
730	630	4	?	8.6
800	700	4.5	113	8.015
780	580	4	106	7.4
750	320	3	92	?
780	430	3.5	?	7.2
760	430	3	103	8.64
750	650	?	105	8
730	700	3.5	118	7.2
800	570	4	110	8.12
780	320	3	97	?
730	270	2	80	6.3
790	620	4.5	?	6.7
760	510	4.5	?	8
800	700	4.5	115	7
750	550	4	?	7.57
740	700	4	104	7.7
770	590	3	105	7.2
740	440	3	103	8.2
800	560	3.5	110	9.87
760	590	3	114	8.35
750	270	2.5	?	?
720	580	3.5	?	9
800	640	4.5	114	9.01
790	610	4	105	7.8
400	750	3	101	6.5
710	520	?	96	8.1
770	540	3.5	111	7.692
720	450	3.5	90	7.3
800	550	4	?	8.2
740	380	?	92	6.73
740	710	4	110	8.5
?	?	?	?	6.91
740	550	3	95	6.2
780	530	3	94	8.3
800	560	4	103	7.074
800	630	3.5	112	8.568
800	580	?	?	8.486
760	360	3.5	93	7.6
?	300	?	?	?
760	330	3	94	5.65
760	660	4	117	6.9
800	650	4	110	9.7
?	?	?	?	7.2
800	490	3.5	109	9.31
790	530	3.5	105	7.3
770	470	?	?	7.1
770	550	4	?	7.244
690	350	1.5	95	?
780	500	3	100	5.542
770	510	4	95	7.2
800	630	3	111	8.57
?	610	4	?	7
780	500	3.5	93	7.9
730	380	3	90	5.3
775	520	?	?	6.496
790	710	3.5	110	7.8
790	500	?	103	9.2
710	380	3	83	5.823
790	430	4	100	8.55
790	500	3.5	113	6.6
750	600	5	?	9.2
730	540	4	90	?
800	600	4	105	7.8
680	600	?	?	7
800	550	3.5	105	6.1
800	650	3	106	7.7
650	410	3	103	6
790	480	3.5	110	6
780	560	4	108	6.9
800	350	?	?	7.43
760	460	?	?	8.3
770	450	3	105	7.1
730	500	?	?	6.6
780	600	3.5	115	7.74
800	510	?	?	6.7
780	400	3	80	9.1
780	600	5	110	7.9
800	600	3	105	7.2
770	560	3.5	108	8.61
?	?	?	?	?
770	450	3	?	6
690	390	4	?	8.12
750	460	?	?	6.912
780	520	3	109	6.1
780	550	3.5	101	7
800	580	4.5	111	8.38
720	610	4	?	8.01
800	570	3.5	98	7.48
730	360	3	?	?
690	430	3.5	89	8.1
?	630	5	?	8.4
760	590	?	?	8.5
?	?	?	?	8.3
760	460	?	?	8.3
790	660	4	113	8.3
790	440	4	86	6.5
750	610	3	105	7.3
800	360	3	107	7.5
760	590	4.5	115	8.5
790	350	3	92	8.23
800	560	3.5	95	7.75
790	320	3.5	104	8.5
?	?	?	?	?
800	460	3.5	99	7.95
800	540	5	113	9.24
790	500	3	100	8.36
800	570	4	102	7.72
800	700	3	116	8.2
750	590	3.5	105	6.4
800	580	3.5	?	8.328
800	710	4	114	7.28
790	560	3	90	8
730	540	3	100	7.3
770	640	5	115	8.4
720	440	3	92	7.09
730	390	?	108	8.125
780	530	3	93	5.6
670	340	?	?	6.7
800	630	4.5	105	7.9
710	530	3.5	108	6.7
650	350	4	85	8.6
800	720	3.5	112	8.55
680	460	3	90	8
650	480	3	?	7
800	470	2	?	7.5
740	310	3	85	6.8
800	580	3	87	9.57
750	580	3	100	5.8
780	370	3.5	?	?
750	330	3	89	7.5
740	510	?	105	8.6
800	620	4	109	8.9
800	500	4	97	8.65
800	600	4	105	7.8
790	390	3	88	8.5
800	545	3.5	115	8.64
740	550	4	107	7.4
720	510	3.5	105	8.5
790	550	4.5	?	7.7
800	660	3.5	104	7.25
750	580	3.5	106	6.1
780	570	4	113	8.84
790	640	3	90	9.1
800	580	3.5	109	7.81
770	630	3.5	?	9.825
770	420	3	?	5.4
730	530	3	106	6.5
740	510	?	?	8.2
710	510	3	?	6.8
800	390	4	104	7.5
800	390	4	104	7.5
700	430	?	104	7.5
760	650	4	?	7.6
690	460	4	97	5.3
760	360	3.5	93	7.6
670	370	3.5	?	7.4
?	?	?	?	?
780	570	4	105	8.55
780	580	3	110	6.345
800	590	4	111	8
800	400	3.5	?	8.66
?	?	?	?	?
800	640	5	115	?
800	430	4.5	?	8.14
650	390	3	97	7.123
730	270	2.5	101	7.2
730	600	3.5	107	9.375
800	560	?	?	9.1
800	640	4	?	8.41
710	300	3	?	6.5
790	510	3.5	108	8.21
690	530	?	100	7.88
790	500	3	?	8
760	570	?	112	7.3
780	450	3	?	6.5
790	660	3.5	111	8
790	420	4	102	7.44
740	330	4	93	6.6
800	570	4	113	8.93
750	370	3	?	8.8
800	590	3	91	9.975
644	410	3	91	8.07
780	580	3	110	6.42
790	620	4	114	9.16
720	520	3	86	7.2
750	390	3.5	90	7.2
740	510	3.5	105	8.6
730	310	2.5	?	8.59
760	610	4	100	6.929
790	690	4	104	7.5
?	?	?	?	?
800	530	3.5	?	8
750	480	3	87	7.2
780	360	3.5	92	7
760	540	3	94	6.985
770	620	4.5	109	7.3
740	630	3	89	6.85
?	?	?	106	7.91
620	450	4	?	6.5
790	420	3.5	95	7.1
750	680	3	100	8.7
730	450	2	?	8.15
630	360	?	90	?
800	550	3	108	7.7
?	?	?	?	?
680	420	4	92	6.5
800	500	3.5	108	7.66
800	410	2	108	7.3
800	680	4.5	115	8.32
730	440	3.5	112	7.6
770	630	3.5	105	5.5
800	530	5	?	6.6
800	340	2.5	92	7.2
800	680	4	116	6.5
800	620	4	109	7.02
790	630	3	100	5.347
610	330	?	?	5.4
780	590	4	114	5.6
?	?	?	86	7.918
750	600	3.5	108	?
720	380	4	97	7.516
710	520	?	103	8.5
780	450	3.5	96	7.5
770	540	3	95	7.014
790	430	3.5	?	?
800	410	2.5	108	7.2
770	320	?	?	7.23
?	?	?	?	7.328
770	360	2.5	101	7.38
800	380	3.5	97	8.1
780	440	3	103	8.3
800	460	4	89	6.8
770	470	3	92	9.225
760	400	3.5	99	7.81
770	550	2.5	109	7.7
770	320	?	96	7.4
780	460	3.5	84	5.45
800	480	4	?	7.94
800	630	3	111	8.57
780	560	4	104	6.1
770	580	3.5	102	5.5
800	640	3	101	7.1
720	610	3.5	107	8.74
800	590	3.5	99	7.367
?	?	?	?	?
710	300	3	82	6.1
800	620	3.5	112	9.25
760	420	3	105	7.6
780	370	4	?	?
750	300	2.5	98	6.9
640	340	3.5	?	8.12
770	550	4	105	8.4
780	580	3.5	105	8.75
800	510	3.5	?	7
710	350	3	93	?
770	630	3.5	97	5.33
800	580	4.5	117	7.9
780	620	4	115	7.92
800	640	4.5	112	8.3
750	650	4.5	115	8.1
770	710	4	?	5.7
710	430	3	84	5.7
740	380	3.5	100	5.4
690	370	?	?	6
800	580	3	104	9.01
?	?	?	?	7.78
690	530	3	94	6.6
770	550	3.5	94	7.343
800	570	4	112	9.1
770	440	3	88	6.9
700	360	2.5	84	6.3
740	660	3.5	112	8.15
?	?	?	?	?
680	500	3	87	6.4
720	430	3	95	5.8
800	560	4	111	7.3
?	?	?	?	?
710	560	3.5	103	8.2
760	560	3	105	7.88
730	500	3.5	98	6.974
790	430	3	107	?
700	490	2.5	93	5.6
?	?	?	?	?
750	520	3.5	108	9.1
790	720	4	115	8.91
?	?	3.5	103	8.65
750	420	2.5	84	7.012
690	430	3.5	89	8.1
720	470	3	?	5.5
?	?	?	?	?
710	310	3	90	5.5
770	380	3.5	?	6.5
740	540	3	93	7.8
730	270	3	90	5.4
?	?	?	95	7.9
705	410	?	106	6.82
720	450	3	84	6.6
760	560	3	105	7.88
730	430	3	92	7.5
750	500	3	92	7.24
710	410	3	92	7.65
800	730	5.5	116	7.634
750	690	4.5	113	8.77
750	460	3.5	101	7.5
700	500	3	98	8.63
800	600	3	112	8.32
800	600	3.5	109	8.1
710	320	3.5	?	7
800	350	?	?	7.6
610	320	2.5	90	6.7
800	670	5	117	8.59
800	660	3.5	104	7.22
?	?	3.5	?	7.1
770	590	3.5	104	9.18
750	340	2.5	81	6.1
610	500	4.5	?	6.1
780	470	3	?	8.87
800	420	3	91	6
760	580	3.5	101	6.2
800	800	6	120	10
800	640	5	113	8.3
760	520	3.5	91	7.3
790	500	4.5	118	8.4
800	410	3	105	7.29
800	510	3	101	6.257
800	650	3.5	110	8.1
690	440	3	?	6.605
800	630	3	111	8.57
740	560	3	100	7.4
790	560	3	102	8
710	430	2.5	89	7.483
800	560	3	107	8.9
800	380	2.5	?	7.46
740	460	2.5	94	6.05
?	?	?	?	?
730	590	4.5	?	8.011
770	570	3.5	?	5.7
800	600	?	?	8.53
780	610	3.5	110	7.3
620	430	3	94	5.814
800	560	3.5	116	8.75
800	480	3.5	?	8.26
700	270	3	78	7
740	380	3	97	6.73
720	350	3.5	93	8.25
660	350	2.5	83	7.1
?	?	?	?	7.25
?	?	?	?	?
800	510	3	?	7.92
680	310	3	91	6.4
790	650	5	?	?
760	570	3	109	7.4
760	490	?	98	7.1
790	570	4	112	6.381
?	?	?	?	?
?	?	?	106	8.03
760	680	4	114	7.6
770	600	4	113	8.5
780	570	3.5	95	8.5
720	460	3	104	6.5
790	480	5.5	116	8.3
750	650	3.5	105	8
800	680	4.5	112	6.8
800	450	2	101	8.3
800	530	4	?	8.2
800	630	4	?	8.292
800	690	5	117	8.64
770	650	5	?	8.59
730	610	3.5	100	?
?	?	?	?	7.5
770	650	?	?	8.59
730	540	3	104	6.7
790	550	4	106	9.15
800	710	4	114	7.28
800	600	5.5	?	6.81
800	600	3	?	8.8
800	690	4	102	9.82
620	550	3	86	7
790	550	2.5	94	6.886
720	400	3	102	7.4
710	440	3	107	7.2
710	550	3.5	?	9.01
800	600	3.5	103	8
800	680	4.5	113	8.98
790	650	3.5	103	6.7
720	600	5	?	6
720	600	2	99	7.3
800	730	4	118	7.927
800	560	4	111	7.3
?	?	?	?	?
800	590	3	91	9.975
760	510	3	?	6.45
800	600	3.5	?	8
700	300	3.5	?	7.2
710	520	2.5	96	8.1
790	465	?	112	7.94
640	350	3.5	?	6.9
790	640	4.5	109	9.18
780	510	4	115	9.12
780	610	3	105	?
780	460	2.5	95	8.69
740	450	3	89	6.518
750	620	3.5	109	8.203
800	630	5	?	9.16
?	?	?	109	9.14
760	650	4	117	6.969
720	490	3	92	6.855
780	350	3.5	93	7
660	420	3	83	6.7
730	450	4	?	6.2
800	510	3.5	103	7.81
790	630	3.5	101	7.2
790	490	4	100	7.2
730	610	3.5	97	6.641
740	460	4	104	6.1
780	370	5	?	7.922
800	570	4.5	114	9.44
800	630	4	115	7.7
800	490	4	110	7.7
760	630	4.5	115	8.2
770	650	4.5	?	8.59
800	470	3	115	6.6
700	340	3	80	6
750	530	3	97	7.9
750	390	3.5	102	8.05
750	320	2.5	97	7.3
730	320	3	90	7.6
750	470	3	101	6.5
780	490	3	106	8.41
?	?	?	?	6.8
780	550	4	106	8.9
?	?	?	?	7.5
730	350	3	105	8.14
800	670	4.5	?	?
800	700	4.5	112	8.8
800	530	4.5	112	9.27
790	420	3.5	?	6
790	660	3.5	117	8
800	670	4.5	110	7.9
770	610	3.5	112	8.27
720	610	4	102	6.6
730	520	4	104	7.95
800	600	5	?	6.5
760	530	3	80	5.5
750	520	5	117	7.23
800	450	4.5	?	7
800	520	3.5	?	8.46
760	560	3.5	106	9.5
800	490	4.5	?	6.244
730	420	3.5	91	6.2
650	520	3.5	110	8.9
710	310	2	80	5.8
770	575	4	116	6.3
800	560	4.5	?	8.1
780	610	3.5	103	7.4
760	670	3.5	107	7.8
?	?	?	?	8.825
?	?	?	?	?
800	680	4	?	6.8
730	590	3	107	7.47
770	530	4	108	7.874
740	340	3	80	6.805
730	500	3.5	98	6.974
800	640	3	98	7
?	?	?	?	?
800	640	3.5	112	8
680	600	2.5	102	6.1
680	570	2	91	7.5
?	?	?	?	?
760	420	3.5	96	6.7
770	580	4	106	?
780	680	?	114	7.92
800	540	3.5	107	7.7
790	530	3	100	7
800	635	4	100	7.3
780	550	4	114	9.25
700	420	?	98	7.2
800	680	3.5	109	10
800	640	3	?	7.8
800	400	3.5	102	8.1
770	650	4.5	?	8.59
770	620	3.5	?	8.15
690	660	4	100	6.8
800	480	4.5	115	8.25
800	640	4	?	7.8
800	650	4.5	111	7.234
740	620	3	100	9.94
800	450	?	107	8.93
800	510	3.5	94	7.21
780	500	3	106	8.39
770	550	3.5	94	7.343
800	670	5.5	117	8.62
770	550	3.5	94	7.343
760	520	3.5	97	6.3
800	630	3.5	94	6.12
800	660	3.5	?	6.3
750	550	3	100	7.9
800	590	3	113	7.85
800	700	4	108	8.71
740	620	4.5	114	7.5
800	610	4.5	115	?
