?	450	4	?	7.2
?	630	4.5	?	7.6
?	?	?	100	7.05
760	520	?	?	7.5
800	550	3.5	110	8.3
750	540	3	98	7.83
790	510	?	?	7.5
740	230	2.5	96	?
800	540	3.5	103	8.22
790	620	4	108	8.84
720	430	3	?	7.5
690	310	3	98	7
780	380	3	?	7.98
630	350	3	93	?
770	435	3.5	104	8.76
800	650	3	104	7.8
800	650	3	?	7.9
?	?	?	?	9.425
?	?	?	98	7.78
800	380	3.5	91	?
740	400	3	109	5.5
800	580	?	?	8
760	630	3	91	7.5
740	480	3	108	6.2
780	650	4.5	118	7.5
800	485	4	108	7.71
790	540	3.5	96	7.64
?	?	?	?	7.7
780	610	5	107	9.8
?	?	?	?	?
800	460	4	97	9.59
800	500	3.5	100	8.53
740	410	3.5	117	8.1
690	300	3	84	6.6
800	600	?	110	7
790	630	3.5	117	8
?	?	?	?	?
770	550	3.5	113	7.656
680	560	3	90	4.96
?	?	?	?	?
700	380	3.5	100	7
?	?	?	98	7.1
700	600	4	106	7.56
770	575	4	?	7.25
760	580	3.5	105	9.2
740	480	3	99	6.409
790	460	4	116	8.3
790	550	3	103	8.2
800	580	4.5	105	?
800	390	4.5	104	7.5
780	360	?	?	8.12
770	550	4	?	7.38
790	440	3.5	96	7.7
780	460	3.5	99	8.08
790	680	?	?	6.2
800	550	3.5	105	8.11
770	360	3	102	8.55
800	510	3	103	8.13
780	450	3.5	?	7.6
730	480	4	101	8.39
790	580	3.5	90	7
?	?	?	?	8
790	600	?	?	7
770	370	3	96	6.43
?	?	?	100	7.938
760	560	3.5	99	8.8
640	500	4	?	8
800	520	4.5	?	8.035
700	390	3	91	8.55
800	680	3.5	117	9.1
790	330	3	95	8.1
?	?	?	?	8
?	?	?	?	6.9
800	465	4	113	7.6
640	500	3	96	7.66
800	560	4	111	8
800	500	4	108	8.41
800	640	3	112	7.5
780	640	4	105	5.7
800	460	?	105	6.94
770	660	3	111	8.65
780	590	4	?	8.21
790	500	3.5	91	9.925
800	510	4	92	6.73
520	790	3.5	101	8.5
?	?	?	?	7.1
730	460	3	?	7.931
800	500	3.5	107	8.93
750	500	?	80	?
790	510	3.5	105	9.26
720	440	3.5	99	7.1
720	480	2.5	76	7.7
780	510	3	?	?
800	670	4	112	?
?	?	?	?	7.61
?	?	?	?	6.4
730	610	3.5	93	7.72
690	590	4	?	5.9
800	460	?	?	8.29
770	670	4.5	?	9
800	700	4.5	116	8.2
710	490	3.5	?	?
760	450	4	105	9.06
760	500	3	98	8.63
800	590	4.5	?	8.86
690	670	?	?	7.9
700	400	3	102	7.5
790	515	?	?	8.83
800	520	4	110	7.39
800	460	3.5	100	7.85
800	610	3.5	?	8.7
?	?	?	90	7.8
800	690	4	?	7.78
790	575	4.5	110	5.92
760	370	3	98	5.7
?	?	?	?	8.59
?	?	?	?	8.43
780	260	3.5	86	7.4
790	550	3	105	8.2
800	500	3.5	104	7.8
690	270	?	100	?
800	650	5	?	6.8
705	395	?	?	7.5
730	560	4	115	8
740	660	3	102	7.705
780	560	?	?	6.8
790	500	2.5	106	6.68
800	620	3.5	107	7.7
620	310	2.5	?	6.1
750	730	4.5	115	8.3
780	570	2.5	94	7.438
780	660	4	?	8.72
780	590	?	?	7.6
680	350	?	?	8.23
800	610	4	115	8.02
770	460	3	104	8
800	300	3	80	8
?	?	?	?	8.2
750	310	3	77	6.7
770	610	3	?	9.84
?	?	?	?	7.2
780	610	?	111	?
800	730	4	114	8
730	570	3.5	105	7.4
740	290	3	?	?
800	670	3.5	117	9.25
730	400	3	95	6.7
?	?	?	105	9.575
730	510	3	98	6.3
800	590	3	100	7.2
740	580	3.5	113	6.99
730	450	3.5	?	7.1
800	430	3.5	?	7.43
750	430	3.5	97	5.6
?	?	?	102	7.3
740	480	3	100	6.3
760	370	4	100	8.3
800	635	3	102	9.73
?	?	?	?	?
780	490	3	100	6.35
740	470	3	110	6.7
700	520	2	94	7
800	550	4.5	115	6.5
770	360	?	?	7.1
790	570	3	108	8.84
790	580	4.5	112	6.6
790	510	3.5	105	8.78
800	620	?	?	9.16
?	?	?	?	?
740	480	3	?	6.73
780	600	3.5	111	6.8
800	800	?	114	7.3
700	540	3.5	101	?
?	?	?	?	?
?	?	?	?	?
700	330	?	?	7.02
780	670	3.5	108	8.5
760	640	4.5	113	7.9
750	560	3	?	5.5
615	450	4	100	6.5
800	430	2.5	100	8.54
780	420	4	?	9.4
800	650	5	?	8.23
?	?	?	97	6.8
780	420	?	103	8
800	570	4	114	7
750	420	3.5	?	8.28
800	680	4.5	117	7.72
770	550	4.5	?	8.42
770	630	3.5	109	8.48
770	500	3.5	105	7.8
730	600	3	?	8.2
760	500	2.5	?	7.1
800	700	5	116	9.1
750	360	3.5	?	7.9
780	620	3	108	7.6
700	490	3	97	8.06
730	630	3	105	8.97
800	510	4	?	7.9
760	530	4	94	6.3
750	350	3	87	9.5
780	545	3	110	7.825
770	530	4.5	101	9.18
800	530	4.5	109	6.2
750	300	3	?	6.1
800	530	3	114	8.3
800	520	?	?	6.52
730	370	2.5	98	7.2
720	640	4	?	7.3
800	500	?	?	8.7
770	680	3	99	8.5
800	570	4	?	8.2
?	?	?	?	7.1
740	460	2	80	8.325
800	580	3	?	?
790	420	3.5	99	7.6
740	640	4.5	114	8
730	350	?	?	?
790	360	3	102	9
740	380	3	100	6.75
?	?	?	?	7.7
800	530	4	102	7.12
710	710	3.5	?	8.3
770	465	4	101	7.01
720	340	3	84	7.652
?	?	?	?	?
700	440	3.5	110	?
720	620	3.5	108	8.05
?	?	?	?	6.9
710	300	3.5	?	8.9
?	?	?	?	7.8
710	510	3	104	7.02
790	670	4	115	7.5
740	590	3.5	101	7.2
800	630	?	?	7.5
?	?	?	?	?
800	550	3.5	?	7.4
750	480	?	?	8.75
760	560	3	?	?
800	440	3	88	7.107
770	570	3	?	6.7
760	390	3	?	6.23
750	580	3	103	8
760	530	3.5	115	?
?	640	3.5	114	8.14
800	690	4	110	7.6
?	?	?	?	7.74
780	420	2.5	83	8.738
?	?	?	?	8.6
770	590	?	?	7.5
780	660	2.8	112	8.1
650	450	4	108	7.5
?	?	?	?	?
770	300	3	76	7.56
800	630	3.5	108	6.9
700	490	?	?	?
?	?	?	?	8.61
770	500	3.5	104	7.2
500	?	?	?	6.5
790	630	4.5	119	7.9
730	320	4	102	7.5
690	530	3	?	7.2
800	560	3	100	?
790	620	3.5	108	6.9
?	?	?	95	6.1
750	400	?	?	7.5
800	480	3	?	7.84
680	430	3	?	7.007
760	600	3.5	114	8.004
800	610	4.5	?	8.45
720	410	3.5	?	8.51
800	570	4	97	8.1
780	485	3.5	110	7.9
780	640	3	109	7.6
800	520	?	?	?
740	300	2.5	72	8.175
720	500	3.5	117	7.26
750	580	4	103	7.8
730	420	?	?	?
700	410	3	?	5.891
700	720	4	?	6.05
790	590	3	104	8.6
780	680	3.5	109	8.3
?	?	?	?	?
720	530	3.5	?	7
800	440	?	?	7.107
780	600	3	?	8.28
800	440	?	?	7.107
800	590	4	113	7.73
780	340	4	103	8.3
750	350	?	?	8.2
?	?	?	?	8.18
800	580	3	106	6.3
700	500	2	95	9
780	520	3.5	101	7
760	230	2	82	6.1
720	490	2.5	?	7.1
800	650	?	?	8.4
790	550	3	?	9.26
720	340	?	?	?
800	580	3	?	7.86
?	?	?	?	?
780	340	3	?	7.732
800	650	3.5	108	7.89
?	240	?	91	?
730	320	3	100	8.05
?	?	?	?	?
740	520	3	103	6.2
800	550	3	?	7.499
800	590	3.5	104	7.786
780	470	3	85	9.45
740	310	?	?	?
800	510	3.5	?	9.02
?	?	?	?	8.17
?	?	?	?	7.8
?	?	?	?	?
?	?	3	101	7.78
790	280	2.5	?	6.6
780	500	3	91	7.03
770	340	3	?	?
710	550	3	98	7.4
760	620	4	?	8.2
760	575	4.5	116	7.73
770	580	3	?	7.96
790	360	4.5	100	8.1
800	560	3.5	113	8.3
?	?	?	?	?
730	500	4	102	6.4
?	?	?	?	6
?	?	?	?	8.2
720	370	2	82	?
800	770	5	118	9.3
790	780	?	?	8.9
800	610	3.5	?	7.3
800	630	4	104	9.02
?	?	?	?	?
710	290	?	?	7.113
760	580	4	?	8.28
800	660	4	107	6.9
760	510	?	?	6.5
700	280	3	85	7.1
800	610	3	108	8.73
750	370	?	?	?
?	?	?	?	?
800	640	3	?	8.06
800	600	4	114	9.2
800	540	?	?	6.8
?	?	?	?	?
720	340	2	?	6.5
770	310	?	?	8.106
750	700	?	111	6.8
710	630	?	?	7.7
800	515	3.5	103	8.71
770	570	4.5	107	6.1
705	530	4.5	112	7.16
790	360	3	89	6.4
710	660	3	?	7.3
730	540	3	104	7.62
770	480	?	?	?
800	640	3	100	8.1
730	310	?	?	?
800	485	3.5	97	8.93
720	310	3	78	7.03
780	580	3	?	7.8
790	650	3.5	112	9.85
790	630	3.5	117	8
790	510	3.5	?	8.38
580	430	3	?	7.5
780	460	?	?	7.74
800	590	3.5	107	6.9
?	?	?	?	?
?	340	?	?	?
800	550	?	?	7.7
770	420	3.5	107	7.7
670	330	?	?	6.6
680	310	2.5	?	?
760	400	3	90	8.91
?	?	?	?	?
720	330	3	62	6.74
740	230	?	79	?
?	?	?	?	?
780	630	4	?	6.6
750	465	3.5	112	?
800	430	?	100	8.39
760	560	3	?	7.848
790	620	4.5	?	7.74
700	230	2.5	85	6.95
720	400	3	?	8.72
800	650	3.5	?	8.01
800	750	4.5	112	7.254
?	?	?	?	?
800	500	3	?	7.92
790	605	4.5	113	7.31
780	360	4	88	7.33
740	420	?	?	?
730	490	3.5	102	?
?	?	?	?	6.9
?	?	?	?	7
?	?	?	?	7.49
?	?	?	?	?
800	300	2	95	7.4
?	?	?	?	?
740	390	3	102	?
780	680	3	103	6
650	600	4	?	7.058
?	?	?	?	7
740	680	4.5	?	?
?	?	?	?	6.6
800	590	3.5	110	8.56
800	590	?	?	6.166
780	440	4	?	9.38
770	440	4.5	108	9.78
800	440	3	105	9.82
750	580	2.5	?	6.8
780	510	3.5	?	?
730	550	3	109	7.46
800	650	4.5	?	6.846
710	330	3	?	5.8
800	400	3.5	?	8
750	460	4	110	6.96
760	560	3	92	8.54
?	300	?	60	6
770	490	3.5	101	9.28
740	430	3	?	9.16
800	520	3.5	106	7.3
350	760	?	?	8.05
680	340	?	?	6
780	350	2.5	101	5.7
760	640	2.5	87	8.1
705	380	4.5	85	7.6
800	710	4.5	?	7.9
780	620	4	96	8.565
750	390	?	?	7.2
800	590	3	102	9.02
680	530	?	?	?
680	510	3	?	?
790	580	3.5	103	8.9
800	390	3	?	8.9
?	?	?	?	?
800	550	?	?	8.017
750	460	3	100	6.7
780	530	3	106	7.4
740	370	3	?	8.3
800	680	4	101	8.044
750	550	3	104	7
720	430	4	100	7.5
770	310	2.5	90	7.9
760	730	3	113	8.08
760	530	3.5	100	8.07
800	540	4	112	6.7
800	680	3	106	8.37
?	?	?	?	8.67
760	550	2.5	110	8.012
730	660	3	86	7.406
790	560	3	?	8.532
780	430	2.5	?	7.78
800	710	3	?	7.4
790	440	?	?	9.29
780	360	2	?	7.8
800	620	3	112	9.19
800	570	4	?	8
780	600	3	97	7.249
790	370	2.5	?	7.8
770	460	?	?	7.65
790	360	3	93	9
800	690	3.5	110	8.2
760	640	4	112	7.84
700	460	3	?	?
?	?	?	?	?
740	690	?	?	7.9
790	590	3	?	6.5
650	310	?	87	?
790	730	3.5	?	?
800	650	4	109	9.04
790	600	3	?	7.7
760	460	3	90	9.27
770	610	?	?	7.1
770	480	3.5	?	8.75
600	320	?	95	7
?	?	?	?	?
760	380	3	97	8.7
800	660	?	?	9.9
780	570	4	102	8
790	395	3	104	8.3
630	530	2.5	?	6.5
710	470	3.5	85	6.4
800	600	3.5	110	8.34
750	560	3	98	7.611
710	380	3	92	6.2
740	350	3	?	?
?	?	?	?	?
790	470	3.5	?	7.8
720	280	2.5	?	?
720	570	3.5	?	?
680	500	3.5	98	7
770	545	3.5	?	6.94
800	680	3	?	6.7
?	?	?	?	?
780	330	3.5	?	6.7
?	?	?	?	6.5
800	630	3	115	8.35
610	270	3	?	?
790	560	3.5	107	8.5
680	340	?	81	5.5
740	460	3	?	8.39
790	630	3	101	8.6
730	620	3	104	7.2
?	?	?	?	6
730	560	?	?	?
640	410	4	?	9.09
650	400	?	?	7.9
790	560	3.5	?	9
780	400	3	96	8
790	560	3	?	8
?	?	?	?	?
690	250	2.5	?	6.418
?	?	?	?	?
740	370	2.5	88	7.56
750	450	?	90	6.9
690	330	3.5	92	5.75
760	610	3	102	7.47
780	420	3	?	7.232
740	320	2.5	?	6.6
730	430	3.5	90	7.7
?	?	?	114	8.63
780	650	4.5	112	7.6
770	520	4.5	114	7.1
780	520	3	103	8.8
770	435	3.5	102	8.18
?	?	?	?	?
720	590	3	90	7.5
760	660	3	104	8.8
?	?	?	?	9.38
?	?	?	?	6.9
750	520	3	95	?
?	?	?	?	7.1
?	?	?	?	?
710	380	3.5	105	7.6
780	620	3.5	108	8.7
710	300	4	?	?
800	500	3.5	?	7.8
800	570	3.5	108	7.7
730	490	2.5	?	6
?	?	?	?	7.8
?	?	?	?	7.74
?	?	?	?	9.77
760	380	3	98	7
750	435	?	?	8.97
790	550	3	?	8.91
780	470	4	?	6.8
790	430	2.5	93	6.7
760	520	4	104	8.02
730	410	3.5	99	6.285
750	590	3	?	?
?	?	?	?	?
750	465	3	?	8.9
790	515	3.5	109	7.5
?	?	?	?	8.91
790	620	3	?	8.3
?	?	?	?	9.88
610	300	2.5	76	6.4
750	500	4	?	6.913
?	?	?	?	?
760	360	?	?	?
720	360	2.5	?	7.4
720	530	3	?	5.73
720	360	2.5	104	7.4
770	580	3	111	6.88
750	450	3	104	8.3
760	570	2.5	?	7.04
780	360	3	101	9.27
780	480	3	98	?
?	?	?	?	7.5
780	590	3.5	109	7.8
750	420	3	93	7
760	410	3	?	?
780	570	3.5	?	8.9
590	790	3.5	?	?
780	320	3	82	7.2
800	580	3	?	6.95
790	560	?	109	7.85
790	630	4	113	8.35
780	700	5	100	?
?	?	?	?	?
740	280	?	?	?
790	340	3	93	8.12
?	?	?	?	7.2
720	460	3.5	?	7.2
770	520	3	?	?
?	?	?	?	?
?	?	?	?	7.067
770	740	3.5	?	7.9
760	320	4	?	7.4
730	580	3	100	8.65
800	430	?	?	6.7
?	?	?	?	8
?	?	?	?	6.8
?	?	?	?	5.98
?	?	?	?	8.23
780	630	4	115	6.808
800	520	3.5	?	7.818
?	?	?	?	?
?	?	?	?	6.96
780	470	2	?	7.3
690	390	?	?	6.6
?	?	?	100	7.5
790	590	3	?	9.36
?	?	?	?	8.25
570	580	2.75	?	6
760	300	3	80	7.4
660	320	3	?	?
730	280	2.5	?	7.9841
610	540	3.5	?	7.5
750	460	4	106	6.95
780	690	?	?	8.3
620	310	2.5	?	?
720	370	3	?	7
750	590	3	?	7.93
730	590	3.5	?	?
780	740	4.5	?	7.49
790	400	2.5	?	8.7
730	530	3	?	6.7
680	480	3	?	7.8
?	?	?	?	7.8
?	?	?	?	?
790	450	3	?	7.84
740	330	3	88	7.65
?	?	?	?	8.3
?	?	?	?	?
720	540	4.5	117	7.8
760	520	3.5	110	?
800	620	3.5	?	7.762
650	530	2.5	?	6.7
710	560	3	93	5.7
790	570	4.5	108	8.54
800	590	3	107	7.2
?	?	?	?	6
790	570	3	?	7.8
?	?	?	?	?
800	590	3.5	111	9.06
790	470	3.5	92	7.8
780	630	3	97	6.56
?	?	?	?	8.6
730	350	3	90	?
680	550	2.5	?	6.8
800	560	3.5	104	7.965
770	610	4.5	114	8.1
790	510	4	114	9.45
740	640	4	110	7.95
780	320	3	?	6.3
780	500	3.5	99	5.8
670	350	?	?	?
800	680	3	114	6.82
720	420	3	104	6.4
770	510	4	?	7.9
770	410	3.5	91	6.31
560	760	3	92	8.53
780	610	3	?	?
730	430	3	?	7.673
730	480	3	99	5.8
780	560	3	99	7.5
800	650	4	112	8.3
770	430	3	?	9.1
?	?	?	?	6.2
?	?	?	?	?
?	?	?	?	?
790	465	4	109	9.2
760	670	4	115	8.4
800	360	3	?	8.2
800	680	4.5	112	8.16
670	480	3.5	?	6.4
800	560	3	?	9.11
800	610	3	100	6
800	320	3.5	?	?
800	620	4.5	115	8.51
740	580	3.5	97	7.632
780	590	3	106	9.25
740	640	3.5	?	7.1
?	?	?	?	?
720	560	3.5	?	6.968
750	540	?	114	8.36
800	430	3.5	?	8.4
800	620	3.5	118	6.8
800	630	3.5	?	7.77
?	?	?	?	?
780	485	4	113	9.26
760	440	3	?	7.545
?	?	?	?	8.4
?	500	?	?	8.8
780	485	?	110	7.6
740	390	3	92	8.93
780	300	3	90	7.2
?	?	?	90	?
740	410	2.5	?	?
?	?	?	?	?
760	410	3.5	105	6
?	?	?	?	8.52
740	350	3	103	7.8
780	600	3.5	109	7.3
750	470	3.5	?	6.7
800	490	3	104	7.15
730	680	3.5	101	7.382
740	350	3.5	100	?
780	680	4.5	110	6.5
?	504	?	?	6.1
800	650	3	?	8.01
760	450	4.5	100	7.9
800	450	4	108	9.2
800	515	3	?	8.64
750	310	?	?	7.9
?	?	?	?	?
?	440	?	?	?
800	690	?	?	9.4
?	?	?	?	7
780	575	?	?	8.1
730	410	?	?	8.16
800	430	4	108	?
?	?	?	?	?
?	?	?	?	8.5
760	650	4	109	7.775
790	630	4	113	9.01
700	340	3	?	?
800	590	3.5	90	8.7
790	500	3.5	110	7
780	500	3.5	105	8.16
800	620	4	?	?
700	340	2.5	?	?
780	630	4	107	6.6
?	?	?	?	6.8
800	430	3.5	?	6.9
780	600	4.5	?	8.22
?	?	?	?	?
750	460	3	104	8.76
?	450	3	95	?
800	530	3	?	7.1
660	710	3.5	100	6
?	?	?	?	7
800	570	4	114	8.15
710	490	3.5	101	6.6
780	580	3.5	105	7.2
?	?	?	?	7.1
770	490	3	?	9
730	550	3	?	7.4
800	610	3.5	108	6.79
800	430	3	?	8.74
760	420	3.5	105	6.1
690	430	?	?	6.11
760	390	?	99	7.5
770	490	3.5	102	9.15
790	490	3.5	103	7.5
?	?	?	?	?
800	660	3.5	111	8.93
780	400	3	?	7.81
?	?	?	?	7
800	650	4	115	9.12
800	560	3.5	?	9
?	?	?	?	9.4
730	290	?	67	?
770	550	3.5	108	9.5
780	550	3	101	6.1
770	310	3	?	8
770	380	3.5	102	6.61
720	590	3	96	6.5
770	350	2.5	?	6.4
700	280	3	90	?
780	580	4	?	?
750	430	4	109	7.92
?	?	?	84	6.3
790	560	4	?	8.4
730	600	3.5	?	7.4
610	300	3	?	?
760	330	3.5	95	8.16
?	?	?	?	6.6
730	540	3	101	?
690	450	3	100	9.69
740	590	3	98	8.4
770	540	4.5	107	8.01
700	530	?	?	6.6
720	450	3.5	91	?
750	330	3	90	7.6
780	580	3	?	9.225
?	?	?	?	6.2
800	410	3	104	8.7
790	380	3.5	?	8.2
?	?	?	103	9.1
750	420	4.5	107	8.52
740	350	3	95	7.7
700	540	2.5	?	8.7
780	370	3.5	95	8.33
800	550	?	?	7.54
740	605	3.5	114	6.1
770	650	3.5	114	7.93
?	?	?	?	7.6
?	?	?	?	7.8
790	650	3	103	8.02
710	490	3	?	7.55
720	500	3.5	?	7.3
?	?	?	?	?
800	540	3	98	9.3
?	?	?	?	?
750	400	?	?	6.8
720	420	?	94	?
760	380	3	101	7.6
760	280	3	87	?
?	?	?	?	?
760	300	2.5	?	?
720	620	3.5	115	6.3
644	395	3.5	?	7.3
?	?	?	?	9.45
?	?	?	?	7.7
?	?	?	?	?
?	?	?	?	7.8
800	560	4.5	108	8.18
800	430	4	102	9.335
800	320	2.5	?	7
750	600	3	?	7.93
800	605	3.5	117	8.472
?	?	?	?	?
750	320	2.5	99	7.71
760	590	3	117	8.7
800	450	4	92	7.4
800	530	3.5	111	8.5
800	670	4.5	?	8.72
?	?	?	?	6.4
800	580	3	103	7.3
760	580	3.5	100	9.66
800	400	4	?	?
?	?	?	104	9.1
800	485	4.5	?	7.92
800	570	3.5	108	8.6
800	600	3	?	8.5
720	390	3	100	7.8
780	480	3.5	?	7.5
750	430	?	?	8
?	?	?	?	?
750	470	3.5	105	7.18
?	?	?	?	8
750	630	3.5	110	7.03
680	410	3	93	?
770	520	3.5	106	7.64
680	540	3.5	?	6.2
760	650	3.5	114	7.5
750	470	?	108	8.12
?	?	?	?	8.14
730	480	3	102	?
800	420	3.5	101	8.28
?	?	?	?	7.7
?	?	?	?	5.8
730	550	3	97	?
790	440	2.5	103	7.26
800	670	3.5	107	8.7
740	560	2.5	?	?
720	520	3.5	96	7.006
770	440	?	103	7.6
800	515	4.5	110	9.5
800	400	3	?	8.4
780	490	3	?	9.1
790	610	3.5	113	7.87
750	380	?	104	6.5
790	540	?	?	8.74
750	510	?	?	9.1
460	460	3	77	?
730	450	3	89	6.15
800	450	3	?	9.08
730	450	3	105	8.4
730	480	3	94	?
690	250	2.5	78	5.7
730	480	3.5	92	?
?	?	?	?	8.63
800	560	4	102	7.8
720	370	3	?	6.7
?	?	?	?	7
740	500	?	101	7.85
?	?	?	97	?
?	?	?	?	8.56
770	570	3	93	8.81
730	490	3.5	107	7.5
?	?	?	99	8.3
750	330	3	?	?
700	300	3	91	8.523
690	360	?	?	7
800	520	3	96	7.6
?	?	?	?	?
?	?	?	?	5.32
790	540	4	106	8
760	320	3	?	6.9
760	395	3	104	7.1
780	570	3	100	7.2
720	550	3	90	8.9
710	660	5	114	7.7
?	?	?	?	7.82
780	510	3.5	?	6.73
760	530	3	96	6.534
620	580	4	115	7.85
?	?	?	?	9.8
730	320	3	77	7.8
770	660	?	?	?
720	300	2.5	90	7.58
750	410	?	?	7.31
760	310	3	?	8.48
750	360	3.5	85	7.9
750	570	4	99	8.98
750	310	2.5	88	6.7
?	?	?	107	8.134
790	320	3	89	6.3
600	280	?	?	?
720	310	3	?	8.5
?	?	?	?	?
800	550	3.5	112	8.34
600	370	?	?	6.9
790	550	3.5	110	?
730	600	3.5	104	7.6
?	?	?	76	8.056
?	?	?	?	7.112
780	600	3.5	115	7.61
740	420	2	89	6
750	300	3	78	8
?	?	?	?	8
?	?	?	?	7.6
750	410	?	94	6.7
730	310	?	?	9.55
800	370	2.5	102	7.45
670	600	3	?	7.7
670	490	3	102	8.5
700	350	?	?	?
710	570	3.5	95	?
710	280	3	85	6.85
770	360	3	86	8
750	400	3	95	8.5
760	550	2.5	108	8.106
700	430	3.5	94	7.5
740	620	3.5	112	7.08
750	530	3	95	4.35
800	400	3	105	8.25
690	380	?	?	?
?	?	?	?	9.22
790	460	3.5	107	8.5
720	290	2.5	?	6.4
770	740	?	?	7.83
800	560	3	103	8.3
760	470	3.5	106	7.32
?	?	?	110	8.85
790	560	3	?	7
750	600	?	?	9.38
?	?	?	?	8.023
?	?	?	?	?
740	320	3.5	86	7.6
?	?	?	?	?
750	300	?	?	7.8
700	520	3	103	6.2
800	300	3.5	115	8.9
730	290	3.5	87	6.1
770	500	4.5	114	7.2
800	430	4	?	9.03
740	430	3	92	8.125
760	540	3	96	?
690	580	3	?	7.1
770	460	3.5	?	7.975
730	310	3	?	8
780	560	3.5	110	8.5
770	485	3	96	8.34
800	560	3	?	9.4
600	300	3.5	80	?
710	390	3	93	6
800	650	3	?	6.2
?	?	?	?	?
550	420	?	88	6
800	530	3	100	8.019
770	340	3.5	?	8.8
650	400	?	?	?
750	465	3.5	92	7.8
740	460	3.5	87	6.89
800	485	3.5	105	8.9
750	340	3	91	8.59
?	?	?	89	7.338
790	435	3	108	7.26
?	?	?	?	8.08
680	260	?	100	6.5
680	260	?	100	6.5
760	380	2	80	7.4
800	575	4	110	9.52
?	?	?	?	?
690	370	3.5	99	7.47
?	?	?	?	7.6
790	290	3	90	8.051
760	450	4	110	7.7
750	760	4	114	8
730	420	3.5	?	?
760	600	4	104	7.52
800	620	4	118	9.04
750	450	2.5	85	5.6
790	530	4	110	7.56
?	560	4	?	?
800	560	3.5	?	9.32
730	340	3	106	7.1
790	340	3	96	6.86
?	?	?	?	?
740	590	3	100	8
780	700	4	?	9
720	400	3.5	?	?
?	?	?	?	9.175
?	?	?	?	?
800	690	3	101	9.27
770	500	3	103	8.42
720	540	4.5	116	6.3
705	635	4	112	8.81
760	560	3	103	7.8
800	660	4	115	8.21
800	560	4.5	114	7.8
760	560	3.5	112	8.74
770	395	3.5	?	7.98
?	?	?	?	?
595	320	2.5	?	?
760	420	3	?	8.1
770	450	4	105	7.827
680	395	?	97	6.5
720	340	3	?	7.2
770	545	?	?	7
790	485	4	111	8.91
700	560	3	110	8.6
750	410	3	102	?
740	620	3.5	109	7.5
800	660	4	115	8.92
780	520	3	103	7.9
?	?	?	?	8.06
800	470	3	100	7.86
720	560	3	?	6.24
800	530	3	?	9.04
750	540	2.5	82	6.128
800	530	4.5	109	6.4
?	?	?	?	5.2
800	330	2.5	83	8.44
?	?	?	?	6.9
?	?	?	114	8
665	340	3	?	7.198
770	450	3.5	89	6.62
760	395	?	100	7.045
740	390	3	100	6.73
780	540	3	?	?
?	?	?	?	?
705	435	3	?	7.5
?	?	?	?	8.23
730	540	3	?	7.7
?	?	?	?	7.91
680	450	2.5	88	7.4
800	330	1.5	79	?
690	485	4	106	6.5
780	320	3	93	7.78
660	310	2.5	?	?
800	230	2.5	?	6.5
?	?	?	?	?
690	390	?	?	7.45
780	570	4	106	8.8
750	410	3.5	96	5.8
770	590	2.5	100	8.3
750	590	3.5	112	5.9
705	300	2	?	6
?	?	?	?	?
730	435	3	?	7.46
750	420	3.5	?	6.2
690	330	2.5	?	6.7
740	300	3	?	7.2
780	660	4.5	112	8.11
760	580	3	100	?
770	660	3.5	106	8.08
750	435	2.5	?	7.8
800	520	3	96	7.6
770	250	2	?	7
790	400	4	91	6.981
760	380	3.5	98	7.6
800	485	4.5	108	9
555	395	2	?	6
485	370	3	?	5.89
?	?	?	?	7.8
770	450	3	104	6.98
760	450	3	97	7.6
760	550	4	111	6.5
800	485	4	106	8.32
680	395	3	94	?
770	545	4	112	7.7
790	560	3	93	7.5
?	?	?	?	6.6
644	340	3	89	6.203
780	510	3	89	7.6
?	?	?	?	7.98
690	460	3	94	7
720	380	2.5	86	7.6
690	310	2.5	79	8.311
780	420	3	?	7.1
760	410	3	80	8.2
790	450	?	?	?
800	520	?	105	?
640	340	2.5	84	?
760	395	3	81	7.91
595	290	3	68	5.9
730	465	3.5	?	7.52
760	500	4	95	7.77
?	?	?	?	?
770	410	3.5	97	7.1
790	395	3.5	95	8.3
535	500	2.5	83	6.33
790	560	4	111	8.705
630	390	3.5	?	6.7
?	?	?	?	?
700	290	2.5	?	7.7
790	590	4.5	113	8.49
?	?	?	79	5.67
?	?	?	?	8.38
?	?	?	?	8.1
?	?	?	?	6.78
?	?	?	?	?
730	515	3	104	?
?	?	?	?	?
800	450	3.5	98	7.6
780	650	4	102	7.9
780	465	4.5	113	9.52
780	360	3	99	7.905
760	320	?	84	8.1
680	465	3	?	5.15
740	320	3	110	7.3
740	530	3.5	100	6.8
730	590	3.5	114	?
?	?	?	?	?
760	300	2.5	87	5.9
740	435	3.5	96	6.2
750	310	2.5	88	6.6
790	450	4	?	6.2
?	?	?	?	7
?	?	?	?	8.24
?	?	?	?	7.23
670	390	3	96	7.5
?	?	?	?	?
750	360	3.5	?	?
760	350	2	81	?
770	515	3.5	105	7.88
800	580	?	107	9.58
?	?	?	?	7.5
750	535	?	108	6.8
790	435	?	94	8
?	?	?	?	7.8
750	440	3	100	6.9
800	575	3	95	7.06
?	?	?	?	?
705	395	3	100	6.64
760	465	3	?	6.7
750	420	3	?	?
?	?	?	87	8.48
800	520	3	100	7.7
730	620	3.5	109	6.111
644	310	2	?	5.47
?	?	?	?	8.3
720	280	3	76	7.5
800	670	4	?	8.23
780	320	3	?	9.56
790	700	3.5	117	8.53
535	330	2.5	?	8.9
700	300	?	?	?
800	380	3	97	9.11
620	220	2.5	83	7.5
710	300	3	?	7.61
?	?	?	?	9.01
740	280	?	?	7.417
740	470	3.5	?	7.55
570	280	2	?	8
800	590	4	114	8.6
730	360	3.5	102	8.74
800	725	5.5	120	9.5
?	?	?	?	?
750	380	?	?	?
780	480	3.5	?	8
800	650	4	?	8.4
?	?	?	?	?
?	?	?	?	9.02
705	300	2	?	?
770	410	3.5	?	9.09
644	370	2.5	90	?
750	550	3.5	98	6.01
570	500	3	85	7.5
?	?	?	?	7.2
750	545	2	77	7.675
740	435	3.5	100	7.3
750	610	3.5	111	8.8
316	435	3	106	7.93
?	?	?	?	?
?	?	?	?	?
690	330	2.5	?	?
?	?	?	?	?
780	395	3.5	?	6.75
570	450	2.5	90	?
440	500	3	?	7.3
740	435	2.5	101	?
?	?	?	?	?
?	?	?	?	?
?	?	?	90	6.67
?	?	?	111	?
?	?	?	101	8.85
730	530	3.5	108	8.4
770	500	4	104	7.286
?	?	?	?	7.5
800	605	4	114	8.22
385	410	?	?	6.3
?	?	?	?	8.21
665	380	3	98	8.7
800	620	4	111	8.08
790	485	3	114	7.6
680	320	3	84	6.077
800	350	3	?	9.22
740	330	3.5	90	6.9
740	320	3	?	7.2
740	450	3.5	?	8.99
?	?	?	?	?
770	435	4.5	?	8.1
660	490	2.5	98	5.8
790	370	3.5	99	8.25
760	420	3	97	5.75
?	?	?	?	6.322
?	?	?	?	?
770	380	4	97	6.8
790	395	3.5	101	8.9725
800	610	4.5	?	8.3
770	465	3.5	99	7.1
740	410	?	?	6.8
440	435	?	91	?
595	290	3	81	?
790	665	4.5	119	7.8
?	?	?	?	?
?	?	?	?	6.8
665	260	3.5	?	?
750	465	3.5	106	8.724
720	550	?	101	?
690	370	3	?	?
720	310	3	84	5.4
540	350	2.5	?	?
800	590	3.5	?	7.36
730	570	3.5	106	?
770	380	?	?	6.6
730	580	3	108	8.47
720	410	3.5	84	8.45
?	?	?	?	7.7
790	420	?	109	8.41
730	485	3	?	7.4
710	500	3.5	96	?
800	485	3.5	100	7.623
?	?	?	?	7.6
800	310	2.5	?	8.52
?	?	?	98	8.21
770	450	4	115	8.26
?	?	?	?	?
760	330	?	?	5.4
?	?	?	?	6.65
555	330	2.5	76	7.85
790	465	3.5	108	8.44
690	620	3	107	7.74
?	?	?	?	6.8
800	360	2.5	84	6.66
780	575	3.5	113	8.2
575	330	?	?	8.81
317	500	?	102	8.45
800	650	4.5	115	7.05
770	435	3.5	110	7.54
?	?	?	?	7
800	290	3	81	8.054
?	?	?	?	?
790	380	3.5	108	8.7
?	?	?	101	?
740	560	?	100	7.81
800	240	?	83	7.1
?	?	?	?	9.2
770	340	3	102	8.6
740	310	3	85	?
600	500	?	?	8.13
800	530	?	?	7.14
?	?	?	?	?
?	?	?	?	?
720	370	3	?	6.83
800	685	5	118	9.2
800	465	4	111	8.96
770	380	2.5	82	7.2
780	605	4	115	9.157
750	650	4	110	9.49
740	485	4	106	7.9
790	485	3	101	7.366
?	?	?	?	?
790	560	4	?	9.65
730	460	3.5	107	5.8
?	?	?	?	?
770	500	3	98	?
770	410	3	94	5.933
790	485	?	?	?
760	420	3	92	7.46
?	?	?	?	?
?	?	?	?	7.2
770	465	?	99	8.525
680	300	3	?	6.1
800	450	3.5	100	8.9
740	320	3	93	?
780	590	3.5	114	8.3
670	490	3	102	8.7
750	390	3	106	7.5
780	570	3.5	?	7.65
?	?	?	?	8.49
770	450	3	88	?
790	515	4	114	7.1
800	590	4.5	110	?
?	?	?	?	?
?	?	?	?	7.6
730	580	3.5	107	7.73
760	580	3	96	6.42
?	?	?	?	?
720	435	3	91	7.68
740	300	3	88	?
?	?	?	?	?
?	?	?	106	8
730	420	?	?	8.01
710	360	3	90	6.34
750	485	3	?	8.121
?	?	?	?	7.075
740	590	3	111	8.017
?	?	?	?	8.1
650	310	2.5	90	6.82
?	?	?	?	8.55
?	?	?	?	?
665	370	4	?	7.4
555	330	3.5	87	6.3
?	?	?	?	7.94
?	?	?	?	8.35
630	220	2.5	?	?
?	?	?	?	8.89
?	?	?	?	?
800	600	4.5	?	6.3
?	?	?	?	?
?	?	?	?	7.56
630	450	?	?	?
780	470	2	94	7.4
555	320	?	?	?
?	?	?	?	8.21
770	590	4.5	114	9.825
?	?	?	79	?
720	380	?	?	6
790	330	3.5	91	7.8
760	340	?	?	7.2
800	665	5.5	118	8.2
?	?	?	?	7.5
?	?	?	?	8.62
780	350	3	?	6.5
750	435	3	108	8.2
800	545	3	98	8.1
720	435	3.5	?	7.567
665	395	3	88	5.8
?	?	?	?	7.575
800	650	4	107	8.66
720	300	3.5	88	5.7
770	690	3.5	110	6.4
780	500	3	105	6.7
800	640	3.5	107	9.38
800	420	3	107	?
800	450	4	110	7.5
770	465	3.5	107	7.785
?	?	?	?	6.99
?	?	?	?	?
700	550	3.5	105	7
740	330	3	82	7.464
?	?	?	?	?
800	540	3.5	107	8.1
760	390	4	104	9.85
780	380	?	96	7.5
?	?	?	?	7.5
630	500	?	105	7.492
800	520	3.5	111	7.7
?	?	?	?	7.94
?	?	?	?	?
?	?	?	?	?
?	?	?	?	?
800	380	2	?	6.03
?	?	?	?	9.62
750	610	4	113	6.3
800	605	4	111	8.36
770	420	3.5	111	7.4
?	?	?	?	7.5
?	?	?	?	7.7
750	450	2.5	90	6.35
770	465	3.5	96	9.27
800	590	3	112	7.4
690	370	?	89	7.8
?	?	?	?	?
790	500	4	119	9.26
790	580	3.6	106	?
740	410	3.5	101	?
750	380	3	103	6.8
760	320	2.5	79	7.5
770	590	3.5	102	6.7
?	?	?	?	?
?	?	?	?	?
740	360	4.5	?	9.11
?	?	?	?	7.5
790	560	5	120	9
800	465	3	95	8.19
?	?	3	109	7.5
740	465	3	95	7.87
?	?	?	?	?
680	440	3.5	104	9.28
750	300	?	?	7.9
?	?	?	?	?
790	590	4	112	8.18
760	340	2.5	?	8.22
770	500	4	103	8
790	395	3	96	7.68
?	?	?	?	8.85
?	?	?	?	6.7
750	435	3	108	8.14
770	530	3.5	105	7.8
705	320	3.5	?	?
?	?	?	?	?
?	?	?	?	8.66
?	?	?	?	?
770	435	3	?	8.2
?	?	?	?	?
760	465	3	92	7.098
?	?	?	?	6.32
?	?	?	?	7.27
?	?	?	?	7.3
640	360	3	89	6.7
690	450	3	91	7.3
770	380	4	106	7.653
?	?	?	?	7.4
?	?	?	?	?
800	485	3.5	112	7.5
?	?	?	?	8.01
740	570	3.5	99	8.4
780	500	3.5	99	5.8
?	?	?	?	?
?	?	?	?	7.305
730	330	3	82	6.2
705	395	3	94	?
730	410	3.5	105	8.71
?	?	?	?	?
800	485	3.5	103	7.6
800	500	3.5	104	6.9
740	435	2.5	98	6.2
690	310	3	?	7.381
720	290	3	92	8.144
?	?	?	?	?
665	485	3.5	93	7.8
?	?	?	?	8.89
720	300	3	?	7
?	?	?	97	?
770	545	4	112	7.1
?	?	?	?	?
?	?	?	?	8.09
?	?	?	?	6.6
750	340	3.5	91	8
?	?	?	?	8.2
800	650	3.5	116	?
780	435	3	100	7.2
790	700	4.5	?	8.65
310	780	3	81	?
?	?	?	?	7.95
?	?	?	?	?
780	500	3	112	8.86
?	?	?	?	?
760	400	3.5	101	?
800	650	4	110	8.66
770	420	3.5	100	8.7
790	360	4	?	8.2
?	?	?	?	?
800	610	4	115	8.02
705	560	?	114	5.68
660	520	3	?	?
800	545	3.5	111	9.42
?	?	?	?	7.53
780	270	3.5	?	?
800	390	3	104	9.02
770	570	3	100	?
790	465	3.5	?	7.72
?	?	?	?	?
720	400	3.5	?	?
790	650	4	117	7.36
?	?	?	?	?
535	320	2	?	8.8
?	?	?	?	?
720	370	2.5	82	?
780	450	3	97	6.6
720	435	?	107	7
?	?	?	?	6.4
780	370	3	88	?
?	?	?	?	?
?	?	?	?	?
?	?	?	?	?
760	340	3	92	8.61
800	550	4	?	9
?	?	?	?	?
630	410	3	83	6.1
750	395	3.5	98	6.941
740	360	?	84	6.9
760	700	4	?	8.8
740	320	3	81	6.6
740	410	3.5	103	8.6
800	485	3.5	104	?
?	?	?	?	?
730	360	?	83	7.2
?	?	?	?	?
740	360	?	?	6.6
770	420	4	?	7.2
?	?	?	?	?
?	?	?	?	?
750	780	3.5	117	9.56
710	510	3	104	7.02
?	?	?	?	8.75
790	560	5.5	?	7.4
800	465	4	117	9.22
770	435	3.5	102	8.18
650	420	3	102	7.27
800	430	3	?	8.38
?	?	?	86	8.14
?	?	?	?	?
?	?	?	?	7.5
750	605	5.5	112	7
780	420	3	?	?
730	360	3	?	7.633
800	545	?	?	8.74
?	?	?	?	?
800	370	3.5	?	7.7
?	?	?	?	7.69
790	450	3	?	7.72
?	?	?	?	?
?	?	?	87	6.3
770	530	?	?	9.26
780	380	2.5	92	7.8
760	450	3	?	7.38
289	280	?	?	6.88
?	?	?	?	7.12
?	?	?	?	?
640	480	2.5	90	5.36
800	560	3.5	?	8
790	340	3	?	7.45
800	665	4	118	8.1
?	?	?	?	?
760	410	3	96	?
?	?	?	?	?
?	?	?	?	?
?	?	?	?	7.3
?	?	?	?	?
?	?	?	?	?
?	?	?	102	7.86
680	380	?	?	6.9
800	635	4	113	6.73
?	?	?	?	?
?	?	?	?	?
?	?	?	?	?
?	?	?	?	?
780	500	?	?	9.24
800	500	4	115	9.28
790	590	3.5	108	7.8
?	?	?	?	?
770	435	3	98	9.4
?	?	?	?	6
705	370	2	80	?
720	380	3.5	?	6
760	640	?	?	7.8
760	360	3	97	9
790	450	?	?	8.71
800	680	?	118	8.8
?	?	?	?	8.62
760	410	3	100	8.4
?	?	?	?	8.7
770	485	?	?	9.5
535	310	?	?	7.6
285	410	2	80	?
665	280	2	84	7
800	685	5.5	120	9.09
790	470	3	?	7.568
?	?	?	?	8.01
665	410	3	?	7.9
800	490	4	?	5.9
800	575	?	?	8.54
730	450	?	?	?
?	?	?	?	9.74
?	?	?	?	7.5
?	?	?	?	?
800	530	3.5	111	8.22
?	?	?	?	9
770	515	3.5	113	8.79
?	?	?	?	?
?	?	?	?	8
760	580	4	113	5
800	620	4.5	116	8.71
535	280	2	59	6.582
575	310	?	?	?
790	650	4	112	6.696
690	380	3	98	7.3
790	575	3.5	111	7.8
?	?	?	?	8.2
665	290	2.5	?	6.1
?	?	?	?	?
?	?	?	?	7.23
760	515	4	?	7.4
790	530	3.5	?	7.4
750	370	?	?	?
790	545	3.5	112	9.43
?	?	?	?	?
760	530	4	113	6.3
800	580	4	117	9.7647
800	560	3.5	?	9.54
770	485	3.5	?	7.5
770	485	4.5	103	8.87
800	635	4	117	8.9
575	280	3	79	?
720	485	4	108	8.206
790	620	4.5	?	6.83
800	560	3.5	112	8.7
740	420	?	?	8.3
800	545	?	106	9.01
750	500	3.5	104	7.5
770	515	4	111	7.7
740	340	3	95	?
770	560	4	112	7.14
800	605	4	112	9.37
?	?	?	?	7.57
?	?	?	?	?
?	?	?	?	?
?	?	?	?	?
?	?	?	?	?
770	465	4	109	8.46
?	?	?	?	?
?	?	?	?	10
800	410	3	88	7.2
?	?	?	?	?
?	?	?	?	7.09
630	320	?	?	6.13
760	320	3	?	8.3
?	?	?	?	6.3
740	300	2.5	?	?
410	420	?	86	6.2
?	?	?	?	?
800	330	3	90	7.6
660	280	2.5	79	7.7
800	605	?	?	8.93
770	590	4.5	109	8.06
575	280	2.5	86	6.5
800	465	?	?	9.1
770	450	3	?	7.2
?	?	?	?	?
790	480	3	?	?
800	500	3	106	8.38
720	330	3	?	7.55
?	?	?	?	?
?	?	?	?	7.3
?	?	?	?	?
665	780	3.5	107	9
?	?	?	?	6.4
?	?	?	?	9.36
485	320	?	?	?
705	330	3	90	8.1
790	420	3	?	8.1
740	550	3.5	111	8
?	?	?	?	?
770	450	3	?	?
?	?	?	?	8.46
?	?	?	?	?
555	575	3.5	94	6
740	340	?	?	6.5
?	?	?	?	?
800	515	4	118	7.3
?	?	?	?	?
?	?	?	?	7.76
?	?	?	?	8.2
800	485	3.5	99	9.1
770	420	3	107	7.8
730	320	2.5	85	?
680	310	?	80	?
740	420	?	?	6.12
790	515	3.5	?	7.183
?	?	?	?	9.07
?	?	?	?	?
?	?	?	?	?
?	?	?	?	?
660	380	2	79	6.5
730	290	3	82	6.2
?	?	?	?	?
800	660	3.5	?	6.3
720	360	?	97	7.9
740	300	3	?	?
?	?	?	?	7.56
740	450	?	?	8.44
800	420	3	99	8.88
?	?	?	?	?
770	515	?	114	6.938
730	500	5	109	6
750	550	2.5	?	6.229
?	?	?	?	9.6
?	?	?	?	?
?	?	?	?	6.3
690	320	3.5	?	8.57
750	485	3.5	108	6.7
?	?	?	?	?
?	?	?	108	8.9
?	?	?	?	?
?	?	?	?	9.17
770	420	4	?	5.8
?	?	?	?	6.5
?	?	?	?	8.56
800	370	2.5	88	7.81
245	420	2	?	?
?	?	?	?	7.7
760	485	3	?	8
?	?	?	?	?
575	360	3.5	95	?
800	515	4.5	113	7.93
?	?	?	?	?
?	?	?	?	9.01
760	450	3	96	7.1
800	665	4.5	?	8.066
800	330	3.5	?	8.85
770	410	3	92	7
?	?	?	?	7.54
760	465	?	?	9.28
760	560	3.5	?	6.9
?	?	?	?	?
?	?	?	?	?
?	?	?	?	?
?	?	?	93	6.6
790	605	4	118	9.61
780	435	3.5	98	8.08
800	515	3.5	?	9.12
800	590	3	108	6.3
790	435	3.5	94	8
800	515	4	105	9.29
800	370	2.5	?	6.4
800	370	?	?	8.73
690	300	3	92	?
720	450	3	?	8.43
800	515	3.5	107	7.3
750	435	3.5	101	9
790	485	3	102	8.65
?	?	?	?	8
?	?	?	?	?
750	320	2.5	80	6.3
740	380	3.5	?	7.5
800	560	3	114	9.23
800	580	3	117	9.49
?	?	?	?	8.2
?	?	?	?	?
690	370	3	?	7.8
780	465	?	106	7.24
?	?	?	?	?
790	590	3.5	97	6.9
790	450	3.5	107	7.65
?	?	?	?	9.82
770	485	4	109	?
790	435	3.5	107	7.1
800	650	4	?	?
705	485	3.5	110	6.83
690	270	2.5	84	?
760	380	?	?	7.448
?	?	?	?	?
790	490	3	91	9.07
800	560	3.5	105	7
730	420	3.5	96	7.5
?	?	?	?	?
?	?	?	?	7.3
800	590	3	107	6.55
?	?	?	?	6.92
770	410	3.5	99	7.2
?	?	?	?	5.7
?	?	?	?	7.3
?	?	?	?	8.1
800	360	3	103	7.128
760	380	4	108	8.4
?	?	?	?	8.46
?	?	?	?	7.8
720	?	?	92	8.2
800	360	4.5	114	5.5
770	500	3.5	103	9.23
780	380	3	?	7
730	420	3.5	?	8.69
?	?	?	?	?
?	?	?	?	6.3
705	395	3	?	9.85
770	545	3	97	6.83
770	465	4	99	8.76
730	450	3.5	113	7.2
800	485	3	?	8.81
720	560	3.5	104	?
?	?	?	?	8.5
535	605	3	100	6.69
800	340	3.5	?	8.2
790	745	4.5	114	6.15
780	485	3.5	110	6.511
?	?	?	?	?
800	515	3.5	109	6.96
?	?	?	?	?
790	310	3	90	7.444
?	?	?	?	7.2
790	435	4	?	7.3
790	380	4	?	?
?	?	?	?	?
?	?	?	?	?
?	?	?	?	?
780	410	3	94	9.18
770	360	4	85	6.1
800	485	3.5	101	7.642
760	560	3.5	115	6.37
?	?	?	?	?
760	360	?	?	8.4
800	500	4	?	7.04
?	?	?	?	7.74
705	395	3.5	110	8.95
800	500	3.5	?	8
800	450	?	?	8.99
790	465	3	?	8.56
800	620	4	112	9.35
?	?	?	?	?
750	620	3.5	113	8.7
800	550	5	110	7.82
800	680	5	?	7.2
770	370	3	?	7.9
740	380	?	?	6.8
690	380	3	?	?
740	500	?	?	7.6
770	420	3	90	7.7
770	360	2.5	92	7.2
790	685	3	?	8.15
770	320	3	?	5.788
630	450	3.5	95	6.2
800	550	4	90	7.8
800	550	3	?	8.1
800	515	3.5	112	6.5
665	360	3	?	7.02
770	435	3	?	?
?	?	?	?	9.32
800	610	3	111	8.87
790	530	3.5	110	7.52
780	410	?	?	7.967
665	260	?	?	5.9
?	?	?	?	?
?	?	?	?	?
595	310	3	?	6.8
318	530	?	107	8.612
800	380	3	108	8.52
630	340	3	?	?
?	?	?	?	?
760	380	3	?	6.5
730	395	3	?	9.5
?	?	?	?	7.6
750	465	?	?	6.5
?	?	?	?	6.2
770	435	?	?	8.2
760	485	3	?	8.6
?	?	?	?	7.416
?	?	?	?	9.26
800	605	4	108	7.7
?	?	?	?	7.8
780	500	3.5	110	8.15
780	370	3	74	7.66
740	590	4	114	6.3
790	520	?	110	7.8
705	300	3	95	8
?	?	?	?	7.76
800	605	3.5	113	?
780	465	3	100	8.53
800	500	3.5	?	?
?	?	?	?	?
770	450	3	104	6.4
790	410	?	110	7.1
740	450	3.5	?	8.37
?	?	?	?	8
705	310	2	82	9.16
680	485	4.5	104	5.99
720	380	3.5	?	6.217
760	420	?	?	7.6
760	395	3	93	?
760	545	3	?	8.01
?	?	?	?	?
750	430	3	97	8.35
?	?	?	?	?
790	560	?	?	7.3
?	?	?	?	?
?	?	?	99	6.9
665	370	?	?	6.5
800	605	4.5	113	7.8
800	480	3	?	7.5
740	360	3	?	6.9
790	435	3	99	6.1
730	300	4	?	?
?	?	?	?	7.134
?	?	?	95	8.1
800	420	3	89	7
800	545	3	107	7.81
665	290	2.5	?	6.3
750	450	?	?	?
750	435	3	104	7.9
790	515	?	?	7.98
750	320	3	88	7.6
800	635	3.5	?	9.43
790	515	4	104	7.5
?	?	?	?	?
800	330	3.5	99	8.85
?	?	?	?	8.2
500	720	3	?	5.96
770	435	3	92	8.65
?	?	?	?	8.275
?	?	?	?	9
790	435	3	107	8.98
750	340	3	?	?
?	?	?	?	?
770	465	?	?	6.2
780	515	4.5	?	9.13
720	370	3	85	6.301
?	?	?	?	6.8
740	500	3.5	106	6.82
800	485	4	111	7.8
790	465	3.5	94	7.57
?	?	?	?	?
790	420	3	100	8.2
760	380	?	?	7.4
?	?	?	?	6.3
?	?	?	?	6.06
740	515	3	111	7.88
760	410	3.5	?	?
?	?	?	?	6
?	?	?	?	?
595	300	2	?	6.8
690	360	?	?	8
800	450	3	?	7.601
800	370	4	91	7.29
?	?	?	?	?
720	410	2.5	100	7
800	590	4.5	112	?
430	620	3.5	?	?
750	435	?	?	9.5
?	?	?	?	7.88
780	605	5	113	9.5
?	?	?	?	8
?	?	?	?	7.4
770	620	4	?	8.09
?	?	?	?	6.7
770	310	3	?	8.371
800	605	4	?	7.956
?	?	?	?	8.05
800	500	?	?	6.27
?	?	?	?	?
720	420	3	?	7.8
?	?	?	?	?
?	?	?	?	?
740	450	?	?	7
740	450	?	99	8.27
790	545	?	?	8.6
680	390	2.5	78	6.4
790	500	?	107	8.6
615	310	3	88	?
800	530	3.5	?	7.43
770	590	4	99	7.934
800	465	3.5	?	6.7
800	635	3.5	114	7.2
770	515	4	110	9.5
760	410	3	115	9.54
740	420	?	?	?
790	500	3.5	110	8.2
760	330	?	?	6.6
680	685	4	113	8.91
730	590	3.5	109	5.823
760	310	3	?	7.6
690	435	2	90	8.75
790	485	?	104	?
780	500	3	?	6.7
790	450	3.5	116	8.212
780	435	3.5	105	6.72
?	?	?	?	?
?	?	?	?	8.4
790	485	4	98	9.1
760	560	2.5	101	?
800	500	?	99	8.12
?	?	?	?	7.5
760	410	3	93	8.2
760	340	?	?	7.1
780	395	?	?	6.5
800	370	3.5	96	7.6
790	590	4.5	?	7.27
800	590	4.5	113	9.1
770	380	?	?	7.2
750	340	2.5	?	8.35
?	?	?	101	10
535	500	?	114	5.8
555	500	3	72	?
665	450	3	97	8.34
297	330	?	?	6.8
680	450	?	?	7.3
730	280	2.5	85	6.726
760	500	4	112	8.464
?	?	?	?	6.8
?	?	?	?	7.51
?	?	?	105	9.4
750	530	3.5	108	8.9
?	?	?	?	9.09
800	500	3.5	100	8.78
760	410	3	99	7.2
720	340	?	?	6.6
?	?	?	?	?
?	?	?	?	?
750	395	3	103	7.5
780	435	2.5	85	6.5
?	?	?	?	6
?	?	?	?	?
750	370	3	100	?
770	310	2.5	?	7.8
800	420	3.5	?	7.5
?	?	?	?	7.6
770	470	3	107	7.64
760	370	3	100	6.6
750	280	3	?	8.75
720	450	3	?	6.7
?	?	?	?	6.7
740	380	3.5	95	8.455
770	530	?	103	8.4
750	485	3.5	99	8.64
790	465	3	100	9.23
790	530	3.5	100	7
690	280	?	91	8.375
760	435	3.5	109	7.4
750	360	3.5	?	8.2
780	530	2.5	95	?
?	?	?	?	7.2
770	530	3	?	6.84
?	?	?	?	?
730	380	3.5	?	7.114
705	360	3	?	8
730	450	3.5	95	7.836
760	485	3	99	5.9
?	?	?	?	7.43
800	435	3	100	7.83
780	410	3.5	104	7.26
740	360	?	?	7.62
760	340	3	?	7.6
790	500	?	91	8
740	320	3	80	?
740	330	2.5	?	?
800	590	4.5	117	6.3
705	465	3.5	100	8
?	?	?	80	6.8
790	380	2	?	8.5
750	490	3	114	7.798
?	?	?	?	6
?	?	?	?	7.1
760	340	3	?	7.8
780	320	3	?	7
720	280	2	?	7.25
800	530	3.5	?	7.23
580	790	?	118	9.44
665	465	?	92	6.3
800	485	3.5	108	8.83
780	485	3.5	?	?
720	370	3.5	104	6.164
800	435	?	?	?
740	250	2	85	7.62
770	575	3	111	7.5
740	420	3	?	6.807
644	310	?	?	7.95
740	530	?	92	6.6
780	485	?	?	8.9
?	?	?	?	8.3
780	650	4.5	112	?
?	?	?	96	?
705	360	2	?	7
575	435	3	95	?
?	?	?	?	?
690	395	3.5	104	6.8
720	485	3.5	107	8.2
760	370	4	105	7.5
770	380	3.5	94	8.7
800	660	4	?	9.48
750	410	3.5	100	7.14
780	515	3	105	8.27
780	465	?	111	?
790	395	3.5	?	8.75
760	370	?	?	8.35
800	370	3	?	8.68
740	560	3.5	106	6.7
740	340	2.5	?	8.78
780	450	3	?	?
800	410	3	?	?
790	500	2.5	107	7.7
575	745	3	80	9.3
665	435	3	109	6.78
770	370	?	?	8.7
780	660	4	108	?
?	?	?	?	?
705	320	3	?	7.6
740	485	3	99	8.65
790	450	3	103	8.77
780	410	3.5	92	7
800	435	3	98	6.7
800	635	4	116	8.58
760	370	2.5	?	7.5
770	410	4	?	?
790	410	3.5	97	6.2
770	360	3.5	99	8.74
760	300	3	?	6.8
?	?	?	?	8.1
?	?	?	?	?
720	420	?	?	8.025
750	370	3	?	7.1
800	540	3.5	109	9
800	580	?	87	9.57
730	450	3	?	7.98
790	605	4	117	9.5
760	500	3.5	?	7.3
740	640	3.5	?	8.1
790	395	2.5	?	6.17
770	500	2.5	89	7.55
?	?	?	?	7
800	465	3	?	8.8
?	?	?	?	6.529
770	435	3.5	100	7.6
790	500	4	111	6.85
630	370	3	96	6
780	465	?	111	9.63
770	620	4	112	?
?	?	?	?	6.4
660	310	2.5	?	8.4
770	410	4	?	10
800	500	3.5	102	9.23
790	515	4	?	8
770	380	?	?	9.02
790	745	4.5	?	?
800	635	3.5	110	8.6
?	?	?	?	?
750	560	?	?	?
770	360	3.5	101	9.5
750	330	2.5	?	8.42
730	330	2.5	104	?
?	?	?	?	?
575	320	2	?	7.5
800	510	4	107	8.84
790	500	3	?	6.1
730	485	3.5	?	8.3
760	310	3	86	?
665	280	1.5	?	?
790	340	3	90	?
?	?	?	?	7.35
680	360	?	91	?
800	720	4	110	8.11
?	?	?	?	8.8
630	300	2	?	8
730	450	?	?	7.247
800	485	4	113	9
800	605	4	?	8.037
?	?	?	?	?
800	465	3	?	8.96
770	330	3	80	8.2
790	485	3.5	104	7.5
?	?	?	?	?
770	430	3	?	7
800	515	3	107	6.95
780	500	?	?	6.4
700	560	4.5	100	6.6
790	380	3.5	101	8.51
800	660	3	117	8.65
750	320	2.5	?	7.01
?	?	?	82	7.2
800	620	4	110	8.2
790	450	4	100	6.9
780	485	4.5	?	8.9
720	300	?	?	6.2
800	395	3	92	6.9
730	530	?	?	8.2
800	590	4	105	?
?	?	?	?	7.1
790	360	?	?	5.7
790	590	4	?	?
?	?	5	?	7
770	465	3.5	102	8.17
760	450	3	103	8.5
?	?	?	?	7.8
790	545	3	108	8
730	410	3	86	7.5
780	435	3.5	105	9.38
780	500	4	?	7.9
630	545	4	115	7.12
760	465	4	114	8.4
750	360	?	?	?
?	?	?	?	7.1
800	450	4	111	8.62
680	420	?	104	6.6
740	370	3	?	?
?	?	?	?	?
630	370	3	80	7.4
?	?	?	?	7.99
770	515	?	108	?
790	450	3.5	108	7.47
705	420	3	100	?
?	?	?	?	?
770	515	?	108	9.1
615	320	2	?	7
700	360	?	112	?
790	530	?	96	8.7
780	370	3	85	8.525
790	435	3	?	?
575	280	2	?	?
?	?	?	?	?
720	435	?	?	?
750	410	4.5	112	8.5
800	450	3	103	8.89
770	330	2.5	98	6.95
800	650	3.5	114	7.16
760	395	3	92	6.9
720	485	3	?	7.25
705	380	2.5	?	6.679
690	360	?	?	6.636
690	435	3	?	7.777
700	700	4	116	6.5
770	320	2.5	85	7
800	500	4.5	108	8.026
?	?	?	90	7.1
?	?	?	?	?
?	?	?	?	6.04
800	660	4	?	8.4
?	?	?	?	?
?	?	?	?	?
740	465	?	95	8.02
705	360	2	83	?
760	500	3	103	8.55
800	500	3.5	?	7.71
?	?	?	?	?
740	435	?	?	7
730	340	3	?	6.56
?	?	?	?	?
?	?	?	?	7.95
790	450	3	?	8.31
790	635	?	112	6.2
680	420	?	?	8
770	515	4	116	7.15
?	?	?	?	?
780	580	3.5	112	8
740	395	?	?	8
800	700	5	115	8
780	560	4.5	111	7.84
770	395	3	99	8.25
?	?	?	?	9.42
720	270	?	?	7.2
790	620	4	111	7.5
760	340	3.5	96	7.68
730	420	?	?	6.7
?	?	?	?	?
?	?	?	?	7.909
780	500	3.5	?	8.19
705	410	3	92	8.4
750	395	4.5	92	5.813
?	?	?	?	6.2
770	530	3.5	104	7.81
?	?	?	?	7.8
?	?	?	?	?
?	?	?	?	?
740	485	4	108	6.9
730	320	4	92	7
770	310	2	?	7
790	530	3	96	8.7
720	395	3.5	?	?
790	530	3	96	8.7
800	560	3.5	105	8.22
740	420	3.5	87	?
720	310	2.5	68	7.9
800	560	4	?	6.7
740	370	3	?	8
760	395	3	88	?
740	395	4	?	?
760	450	?	?	6.7
?	?	?	?	7.02
730	420	3.5	85	8.69
730	330	2.5	?	6
780	370	?	?	7.3
630	280	3	?	6.318
780	360	3	96	7.8
?	?	?	?	?
?	?	?	?	?
760	435	?	98	6.5
800	560	2.5	110	6.9
615	380	3	90	?
790	620	3.5	?	?
770	320	3	?	5.788
?	?	?	?	?
680	320	2.5	85	6.258
?	?	?	?	7.4
680	435	3	88	?
?	?	?	?	7.4
770	450	4	112	8.3
644	370	2.5	92	7.2
595	370	2.5	81	?
740	435	3	100	8.9
770	500	2.5	104	7.34
?	?	?	?	?
770	450	3	104	7.366
705	320	?	?	?
630	450	?	?	6.84
705	515	3.5	?	?
760	515	?	?	?
750	380	3	96	6.25
770	380	3	?	8
790	380	3	82	?
730	330	2.5	105	8.01
?	?	?	?	6.923
?	?	?	?	8.92
680	310	3.5	89	8
690	300	3	?	9.5
?	?	?	?	?
705	340	2.5	93	8.625
705	320	3	?	?
730	360	4	100	7.6
?	?	?	?	?
730	340	2.5	94	8.08
?	?	?	?	?
790	530	3.5	112	7
770	515	4	108	8.78
?	?	?	?	7.35
?	?	?	?	?
790	605	3.5	110	?
770	485	3	98	6.7
555	370	3	84	?
790	450	3	103	8.25
760	435	3.5	112	7.42
760	280	?	82	6.5
770	650	3.5	108	6.63
750	550	4	?	6.7
770	340	3	94	9.02
750	360	3	86	8
335	485	2.5	?	6.6
750	360	2.5	102	7.14
?	?	?	?	?
770	270	?	?	?
770	360	3	96	7
790	485	4	98	?
770	410	3.5	102	8.6
760	360	1.5	93	7.2
750	410	3	101	9.35
800	500	3.5	101	?
555	250	?	?	?
780	450	3	97	7.8
750	270	2.5	?	?
680	310	2	80	6.5
800	450	3.5	?	?
?	?	?	?	?
?	?	?	?	7.73
720	270	2	?	?
800	545	3	105	6.959
690	310	3	?	?
520	310	?	60	?
720	465	3	104	?
730	410	3	99	6.45
780	360	3	88	6.8
?	?	?	?	?
?	?	?	?	6.8
690	420	3.5	80	5.8
?	?	?	?	7.236
720	435	3	103	7.32
760	380	?	?	6.7
720	330	3	?	6.964
310	340	2.5	?	7.6
750	300	2.5	?	?
595	310	2	?	?
800	575	4	116	7.9
?	?	?	?	?
730	320	3	?	7.054
750	530	?	?	7.07
730	395	3	?	?
800	605	4	110	8.65
790	500	3	102	7.642
800	410	3	82	7.8
?	?	?	?	?
665	485	3	112	6.3
665	280	1.5	?	?
690	395	2.5	?	7.5
790	530	3.5	100	9.85
750	670	4	109	6.3
?	?	?	?	8.63
?	?	?	?	8
?	?	?	?	8.232
?	?	?	?	?
800	520	3	95	6.887
770	310	2.5	95	7.2
760	310	2	87	7.379
720	310	3	79	7.2
740	290	3	90	6.9
750	670	4	109	6.3
595	310	2	80	6.7
770	620	4	119	8
760	360	2.5	?	7.75
720	310	3	?	7.16
510	310	4	?	?
?	?	?	?	?
410	500	3	79	6.4
?	?	?	?	7.2
790	440	4	112	7.642
644	380	6	?	7.5
690	280	?	?	5.9
595	360	2.5	88	5.5
?	?	?	?	7
?	?	?	?	7.2
690	310	2.5	?	?
780	560	3.5	114	8.44
575	370	?	58	?
690	410	3	93	?
665	360	3	90	9
800	500	4.5	108	8.032
750	410	3.5	101	7.75
705	290	2	?	7.92
690	420	3.5	92	?
760	380	3	85	6.68
740	500	4	?	6.5
800	515	3.5	111	9.4
720	485	3	103	7
595	310	3	89	7.4
?	?	?	?	?
740	540	3	108	7.4
740	530	4	118	7.46
?	?	?	?	?
?	?	?	89	9.1
740	485	3.5	100	8.747
800	605	3.5	111	8
?	?	4.5	113	?
665	420	2.5	82	?
?	?	?	?	8.42
?	?	?	?	6.827
790	590	4.5	117	8.54
800	450	3.5	90	8.31
770	330	3.5	?	7.54
800	530	3	105	7.934
?	?	?	?	6.245
800	590	4.5	114	6.5
800	545	3.5	106	9.72
?	?	?	?	?
800	440	?	?	8.5
690	280	2	80	7.8
680	290	3	81	?
?	?	?	?	?
780	450	3	99	6.93
?	?	?	?	?
?	?	?	?	?
760	370	3	?	7.5
800	380	2.5	95	7.3
555	250	2	87	7.3
730	280	2	?	7.2
?	?	?	?	?
800	435	3	102	7.7
780	395	4	111	?
800	580	4	109	9.25
705	420	4.5	113	9.4
770	410	3	107	8.96
800	?	3	103	8
?	?	?	?	?
?	?	?	?	8.65
780	635	4.5	117	7.87
665	370	3	?	7.645
750	435	3	98	6.85
?	?	?	?	9.56
790	485	3	111	8.1
760	380	3	?	8.76
615	370	3	90	7.5
?	?	?	?	5.902
690	395	2.5	?	?
790	485	4	115	7.5
760	395	3	?	7.4
705	380	3	85	7.5
740	280	3	77	6.4
?	?	?	98	8.21
770	450	3	107	9.25
720	360	3.5	?	7.5
790	370	3	104	7.97
760	290	3	?	6.2
720	540	3	100	8.4
?	?	?	?	8
790	450	3.5	106	8
?	?	?	?	7.7
690	340	3	80	6.4
?	?	?	?	6.5
790	515	3	109	7.3
?	?	?	77	8.044
740	360	3	89	9.07
750	410	3.5	101	7.8
555	290	2	?	?
?	?	?	?	?
720	560	3.5	104	8.5
770	280	2.5	?	7.5
?	?	?	?	?
?	?	?	?	8.36
?	?	?	102	8.3
770	380	3	100	?
?	?	?	?	7.3
720	500	3	103	?
800	640	5	?	7.6
730	435	3	101	6.586
760	410	3	?	8.1
?	?	?	?	8.17
?	515	2.5	85	7.1
750	530	3	107	6.8
790	330	3	81	6.9
?	?	?	?	7.145
740	410	2.5	89	?
615	340	2	89	5.96
680	300	?	?	?
?	?	?	?	7.9
720	630	?	?	7
790	380	3.5	101	?
750	435	3.5	?	8.01
750	530	3.5	107	6.8
705	410	3	96	?
?	?	?	?	5.7
770	420	3	97	?
?	?	?	?	8.2
720	330	3	?	6.964
790	700	4	113	?
?	?	?	?	?
790	700	4	113	9.1
?	?	?	?	?
750	410	3	96	8.14
575	340	2	71	?
750	575	4.5	116	6.952
780	485	?	?	9.2
?	?	?	?	?
?	?	?	?	8.5
780	450	3.5	106	8.27
800	600	3.5	105	7.65
790	640	4.5	116	5.3
644	330	3	81	7.6
760	420	2	77	?
760	450	2.5	84	7.6
?	?	?	?	?
780	590	4	106	7.2
800	450	2.5	89	?
?	?	?	?	?
750	530	3.5	?	8.3
?	?	?	?	?
780	465	4	111	?
630	380	3	?	?
770	450	3	108	6.67
?	?	?	104	?
800	580	3.5	107	5.8
?	?	?	?	7.1
680	435	3	88	?
?	?	?	94	8.96
?	?	?	?	?
555	370	2.5	?	6
?	?	?	96	?
690	430	3	101	?
?	?	?	85	?
730	330	3	92	7
740	465	3	?	8.3
750	410	?	?	8.61
750	310	2.5	88	?
790	515	4	110	7.4
335	410	?	?	?
?	?	?	?	?
?	?	?	?	?
790	330	3	85	8.41
720	395	3.5	103	8.5
760	340	2.5	?	7.4
?	?	?	?	6.9
665	395	2.5	88	8
?	?	?	?	7.8
730	500	3.5	91	8.7
?	?	?	?	?
?	?	?	?	?
510	470	3	?	6.2
?	?	?	?	?
780	380	5	103	?
730	435	3.5	103	?
?	?	?	?	5.5
770	500	4	115	7.1
?	?	?	?	?
680	485	3	94	7.863
800	545	3	109	?
?	?	?	?	?
760	320	3	95	6.289
665	485	3	?	7.94
?	?	?	?	?
760	380	2.5	?	?
?	?	?	?	?
?	?	?	?	?
740	340	3	93	7.8
?	?	?	?	?
750	320	?	?	8.1
780	500	4	?	6.5
770	450	3	?	7.8
?	?	?	?	7.2
760	540	?	?	6.6
630	310	3	80	7.492
800	570	4	107	7.93
?	?	?	?	?
690	530	3	?	?
730	640	5.5	?	?
780	590	?	114	8.9
?	?	?	?	?
?	?	?	?	?
?	?	?	?	9.6
?	?	?	?	?
740	450	?	90	8
790	500	3.5	105	8.84
?	?	?	?	?
760	280	2.5	?	7.95
?	?	?	?	?
800	630	4	?	8.84
800	530	4.5	110	8.15
790	435	3	?	7.92
?	?	?	?	4
790	600	3.5	?	9.07
595	290	2	?	?
790	400	3.5	102	8.15
?	?	?	?	?
790	590	3.6	105	6.5
?	?	?	?	8.245
?	?	?	?	6
790	560	?	?	8.436
?	?	?	?	6
?	?	?	?	7
740	460	4	?	6.93
800	610	3.5	?	?
?	?	?	?	?
800	410	3	?	8.77
770	560	3	?	7
?	?	?	?	?
770	330	?	?	7.1
800	520	?	?	8.9
800	650	?	105	7.65
?	?	?	?	?
750	390	?	95	6.6
550	550	2.5	?	?
800	610	3.5	?	?
780	540	3.5	107	8.1
760	630	4	114	6.6
800	550	3	107	8.8
580	520	3	100	7.3
750	350	3	95	7
700	500	4	100	?
790	470	2.5	80	8.97
680	420	3.5	?	7.4
730	600	3.5	95	7.5
730	560	?	?	7.5
800	410	3	?	8.8
750	450	3.5	103	6.64
790	620	4.5	110	8.2
780	630	4.5	110	7.84
800	430	4.5	112	7
780	460	4.5	?	?
750	230	2.5	71	?
800	680	4	?	8.64
?	?	?	?	?
730	480	?	100	8.5
700	710	5	?	8.5
?	?	?	?	8.3
690	510	3.5	100	?
740	590	4.5	114	8
570	320	3	61	6.7
760	590	3.5	108	7.5
800	610	4.5	113	7.7
?	?	?	?	?
800	600	3.5	104	6.4
770	620	?	?	8.2
800	570	4	116	7.2
?	?	?	?	?
800	470	3	101	8.325
?	?	?	?	?
750	500	3.5	100	?
780	540	3.5	?	8.22
720	230	2.5	63	6.05
790	660	4.5	?	?
?	?	?	?	7
760	490	?	?	8.5
760	350	3	?	?
?	?	?	?	8.1
740	630	?	?	6.4
800	320	?	?	7.1
640	410	2.5	83	6.045
780	590	4	100	6.6
760	280	?	?	?
?	?	?	?	8.56
800	620	3.5	109	7
790	540	?	?	8.85
800	360	3	?	?
790	310	?	?	6.7
?	?	?	?	6.2
760	280	2	85	?
770	730	4.5	115	5.5
800	620	?	?	6.9
750	600	4	?	8.8
600	600	?	100	?
780	280	3.5	?	7.5
760	550	3.5	108	7.02
770	560	3.5	98	9.29
710	290	?	?	5.5
?	?	?	?	7
790	650	5.5	?	9.77
670	580	3.5	?	?
780	420	3.5	111	7.2
780	650	4	?	7.7
780	310	3	82	?
780	500	?	?	7.5
790	610	4	105	8.77
?	?	?	?	?
780	520	4	110	9.55
670	290	3	83	7
790	490	4.5	?	8.82
780	520	3	110	9.55
?	?	?	?	?
690	350	3.5	?	6
800	670	5	112	?
780	520	3	110	9.55
750	360	3.5	100	7.6
740	320	?	?	8.2
620	280	3	88	6.3
680	540	4	?	?
760	690	3.5	99	8.175
780	430	3.5	104	7
760	550	3.5	106	7.8
660	320	3	90	?
?	?	?	?	?
750	550	3	?	6
730	500	3	104	8.4
720	390	?	?	?
790	590	4.5	111	7.41
?	?	?	?	8.48
780	320	3	85	6
740	520	3.5	105	8.431
?	?	?	?	?
760	570	3.5	101	7.525
730	560	?	?	?
800	630	3.5	107	?
800	620	4	114	8.3
720	500	4	105	7.4
800	620	4	117	9.13
800	600	4	?	7.21
800	340	?	95	6
760	620	4.5	?	?
780	480	3.5	?	7.4
750	640	3.5	?	6.8
790	570	?	?	8.6
790	470	?	109	6.6
800	710	?	?	8.7
790	440	3	?	?
740	320	4	?	7.2
780	590	3	103	?
800	540	?	?	?
780	510	2.5	?	?
?	?	?	?	?
?	400	3	81	6.2
760	590	3.5	102	8.8
760	410	4	85	7.2
800	610	4	111	8.3
760	330	5	?	7
800	550	4	107	7.1
630	580	4.5	115	?
?	?	?	?	6.69
800	660	3.5	110	?
800	360	3.5	109	7.825
?	?	?	?	7
690	360	2.5	?	6.5
800	640	4	112	9.32
800	660	3.5	115	9.65
?	?	?	?	?
700	600	4	100	?
780	620	4.5	?	9.375
780	590	4	103	8.5
?	?	?	?	6.7
720	540	3	108	8
780	710	4.5	111	9.1
740	410	3.5	98	7.756
790	500	4	98	6.67
750	600	3	?	7
790	620	4	108	8.84
760	450	3	104	6.9
800	560	4	108	9.16
770	440	3	100	6.4
800	400	4	113	6.4
800	470	3.5	110	7.99
740	580	4	113	7.4
790	500	4	116	8.4
800	620	?	?	7.6
800	680	5	111	8.7
750	560	?	104	7.8
800	670	3.5	111	9.67
780	700	3.5	105	7.1
790	390	4	?	7.7
?	?	?	?	7.9
790	560	3.5	?	9
800	720	3.5	111	7.9
800	400	?	?	?
800	800	4	112	8.47
800	530	?	?	7
780	620	5	?	8.3
800	760	?	?	9
790	650	3	108	7.7
800	530	3.5	97	9.4
800	580	3.5	107	7.78
790	690	4	102	8.74
750	570	3.5	?	8.53
800	580	3.5	107	?
800	620	?	105	8
800	350	2.5	106	?
760	490	?	?	7.8
800	720	4.5	?	8.165
790	660	4	115	7.7
790	560	4.5	?	6.01
760	640	3.5	?	6.3
760	610	4	99	7
790	460	3.5	110	5.8
720	630	?	?	8.23
750	500	3	99	6.46
800	510	?	?	8.73
760	540	3.5	?	7.83
800	640	4.5	?	7.65
?	?	?	96	8.32
780	680	?	?	6.67
720	670	5	?	6.4
790	680	3.5	105	7.08
800	620	4.5	?	7.76
750	470	?	?	7.5
790	630	4	?	8.46
800	550	3.5	107	7.6
750	610	3	99	8.5
740	550	?	?	6.6
800	640	5.5	?	?
780	590	?	?	7.45
740	560	3.5	106	7.9
?	?	3	96	7.011
740	660	3.5	?	8.125
790	660	3.5	115	8.98
790	410	?	?	8.06
800	460	?	?	8.14
800	620	4	113	?
800	680	4	105	9.06
790	520	4	112	9.3
790	360	3	109	7.3
740	465	?	?	8.24
730	650	4	103	7.904
800	570	3.5	108	7.9
700	500	3	?	7.775
790	620	4	110	7.3
790	460	3.5	107	8.6
800	610	?	?	8.36
790	560	3	110	6.5
660	660	?	?	6.01
790	590	4.5	112	9.5
760	310	?	?	7.91
760	310	?	?	7.91
790	720	?	115	8.91
800	490	3	114	8.91
700	360	3	?	7.9
800	310	3.5	100	7.7
750	350	4	?	6
800	640	4	107	7.7
800	510	?	?	8.03
740	330	?	?	7.3
750	400	3	92	8.7
780	680	?	?	6.67
770	650	3	98	6.7
800	790	4.5	116	7.6
750	320	?	?	7.6
710	480	4	113	7.5
770	450	3.5	?	6.82
760	660	4	?	?
800	600	3	?	7.5
760	330	3	101	7.42
780	680	?	?	6.67
800	630	4.5	112	8.03
?	720	?	?	6.4
670	320	3	?	6.88
760	570	4.5	108	6.75
790	630	4	117	7.37
780	680	?	?	6.67
750	450	4	?	7.4
760	570	3	104	8.32
800	660	5.5	114	9.06
770	550	?	?	6.8
800	570	3	100	8.51
800	510	4	110	8.4
800	640	3	?	7
780	590	4	103	8.5
760	500	?	96	7.5
800	620	?	?	8.9
750	570	3	106	7.57
790	550	3.5	100	8.47
680	430	3	100	8
800	400	3.5	91	7.1
800	670	4	108	7.053
750	550	?	?	7.2
790	550	3.5	112	7.8
770	610	?	?	7.2
690	630	?	111	7.4
750	570	3.5	95	8.53
750	570	3	?	?
780	470	3.5	?	7.4
?	?	?	?	6.225
760	540	3	88	8
800	530	4	114	8
?	?	?	?	8.2
770	540	3.5	101	9.5
790	420	4	108	8.84
760	640	2.5	87	6.3
720	410	3	90	8
800	630	4	?	8
700	530	4	?	?
770	670	3	112	7.5
750	600	?	?	8.58
760	350	4	?	8.464
800	630	3	?	8
770	400	3	?	7.912
750	600	4	106	8.4
800	490	3	104	7.37
750	610	4	113	?
770	720	3.5	?	7.48
790	590	4	105	7.6
770	300	3	?	5.4
770	300	3	?	5.4
790	650	?	?	9.39
?	?	?	?	7.3
760	520	3	104	7
750	600	?	93	6.4
700	500	?	?	5.6
720	440	4	104	9.31
?	?	?	?	8
790	380	3.5	107	6.4
800	620	4	110	8.05
710	560	4	115	5.6
800	630	3	110	7.867
620	420	?	78	7.4
790	440	3	?	8.52
800	540	4	100	9.075
790	540	3	101	7.657
680	450	?	?	4.9
700	340	4.5	?	?
710	520	?	96	8.1
?	?	?	?	7
780	630	2.5	?	8.5
730	530	3	100	6.518
710	570	4	96	7.4
740	710	4.5	117	9.23
705	435	3.5	96	6.5
?	?	?	?	?
770	420	4.5	99	?
740	460	?	105	6
800	660	4	114	6.5
750	360	?	?	8.3
770	580	3	?	7
800	390	4	103	7.44
770	620	?	?	?
710	570	3	101	6.8
790	470	3.5	100	?
760	440	3.5	97	9.29
640	240	?	?	5.6
800	720	?	?	8
780	600	4	107	7
780	650	?	120	7.371
800	460	?	109	7.5
800	520	4	?	8.6
740	510	3	?	6.212
680	310	3	94	6.2
700	580	4.5	?	6.1
800	460	3	100	6.71
700	700	4	110	?
800	620	4	113	8.73
770	420	3	90	5.3
770	440	3.5	97	8.3
790	650	3.5	111	7.03
770	520	3.5	?	8.4
760	470	?	?	7.02
720	380	3	64	7.4
?	?	?	?	8
800	620	4	?	6.9
740	640	4	?	7
790	370	3.5	87	7.6
800	450	4	99	7.56
760	390	?	?	7
720	490	3.5	105	7.9
700	480	4.5	103	6.3
800	500	3.5	103	8.16
?	?	?	?	8.5
680	330	?	?	?
800	640	4	110	8.35
800	660	4	109	8.6
780	360	?	?	6
800	580	3.5	108	7.67
750	600	?	?	5.936
800	630	3.5	94	6.12
730	470	3	?	7.4
780	590	3.5	102	7.1
800	370	?	?	7.63
760	540	3	105	7.8
750	390	3	?	7.42
800	710	3.5	104	7.93
790	650	3	107	9.32
780	590	4	103	?
660	530	?	96	6.6
800	400	3	97	7.6
?	?	?	?	6.95
800	520	4.5	112	7.5
800	390	3	?	7.65
800	650	4	117	8.94
730	650	3	107	6.56
770	550	?	?	5.9
800	440	?	108	8.6
770	400	2.5	95	6.6
800	515	3	105	8.35
770	660	3.5	106	8.08
780	590	3	98	7.03
790	650	3	107	9.32
800	660	4.5	117	8.86
790	350	3	104	9.17
720	510	?	109	8.27
770	330	3.5	?	8.32
800	480	3	?	9.3
790	610	3.5	?	6.5
?	630	?	119	?
740	640	2.5	101	?
800	680	?	107	7.1
800	600	4	113	8.391
760	530	?	?	5.4
780	520	3.5	110	6.94
710	650	?	?	7.9
770	410	4	104	7
750	530	?	115	6.816
800	620	4	?	7.587
770	540	4.5	110	9.17
770	485	3.5	105	7.07
800	500	4	?	?
800	600	2.5	102	7.69
800	360	3.5	103	7.92
790	510	3	107	9.32
750	470	3.5	?	7.2
720	490	3	109	8.519
700	620	3	?	9.23
740	590	3	?	5.928
720	350	2.5	?	6.4
600	320	2.5	85	6.2
770	620	3	104	8.7
750	500	3	?	7.95
750	350	2.5	?	5.5
?	?	?	?	7.63
730	640	4.5	104	9.85
760	530	4	100	8.71
740	480	?	112	7.1
800	590	4.5	118	7.5
780	330	3.5	102	7.2
790	500	3	?	6.55
800	630	4	109	7.22
780	665	4	113	7.56
770	540	3.5	107	8.8
710	250	?	?	?
780	390	3	99	6.5
780	560	3	102	8.58
770	530	?	103	7.3
730	350	3.5	88	?
800	530	4	106	8.1
750	550	3	?	8.13
710	470	3.5	97	5.5
770	540	3	?	3.58
700	500	3	?	5.9
800	420	3	?	8.72
730	490	3	102	6.6
690	460	3	100	5.973
740	430	3	102	6
720	530	?	94	8.6
740	550	3.5	96	6.9
800	650	3.5	114	8.11
730	400	3	96	5.8
750	300	2.5	98	6.9
720	610	?	?	?
780	540	3	97	6
770	490	3	105	6.011
800	600	3.5	102	8.53
740	440	3.5	?	6.573
?	?	?	116	8.2
710	470	3	97	5.5
800	510	?	?	8.18
790	500	2.5	106	6.6
710	540	4	106	7.7
800	620	3.5	110	7.4
720	520	2.5	94	6
760	470	?	?	?
760	350	2.5	99	7.7
740	530	3.5	106	6.85
760	380	3	?	9.56
790	530	3	89	7.05
800	530	3.5	?	7.76
770	450	3.5	95	6.5
760	600	3.5	107	8.67
760	300	3	?	?
800	390	2.5	96	6.9
?	?	?	105	8
780	660	2.5	109	8.24
790	700	4.5	111	7.2
?	?	?	?	7.2
790	460	?	?	?
800	510	3	96	8.34
790	370	3.5	?	7.522
720	590	4	99	7.2
?	?	?	?	8.24
760	540	3	107	7.8
770	530	3	92	9.26
?	?	?	?	7
790	560	4	106	7.5
780	640	3	107	7.94
780	500	3.5	99	7.04
730	270	2.5	?	7
800	510	3	96	7.81
800	410	3	109	7.4
750	280	3	?	7.9
800	600	3	95	8.28
?	?	?	?	?
800	450	?	?	5.9
730	420	3.5	105	?
740	290	2.5	81	6
800	570	3.5	116	8.56
710	550	3.5	?	9.01
770	490	3	102	6.9
690	360	?	90	6.539
780	560	3.5	104	6.2
760	420	3	100	6.5
740	470	2.5	80	6.8
790	320	?	94	6.8
730	550	3.5	96	8.4
?	?	?	?	6.1
800	440	3	101	6.7
690	360	?	90	6.539
650	440	3	99	6.1
800	600	3	104	8.77
790	420	?	108	8.84
800	640	3.5	110	8.1
800	660	5.5	114	9.06
800	485	4	112	7.91
790	490	3	88	8
800	400	3.5	108	7.891
770	380	3	92	8.5
750	620	3.5	103	7.8
800	570	2.5	99	8.91
800	650	3	105	9.26
?	?	?	?	?
770	490	3.5	?	8.63
?	?	?	?	6.9
?	?	?	?	?
?	?	?	?	8.6
660	330	2	100	8.4
800	560	3.5	118	9.64
720	550	3	81	6.341
800	660	4.5	113	8.54
800	450	2	?	8.46
790	605	?	?	7.8
800	540	3.5	106	8.73
790	570	4	110	8.33
740	480	3	103	6.2
800	610	4.5	107	7.441
720	680	4	113	8.1
790	510	3.5	102	9.1
740	480	3	?	6.2
?	?	?	?	?
?	?	?	?	6.9
800	700	4	115	8.7
760	290	2.5	77	6.7
770	510	3	113	7.63
?	?	?	?	?
500	460	3.5	85	?
?	?	?	97	8.75
800	590	3	?	8.02
760	700	?	115	8.5
730	340	?	80	6.972
740	540	3	107	9.45
700	440	3	?	8.06
790	530	?	?	6.8
800	560	3.5	?	9.6
?	?	?	?	7.47
690	320	4	?	9.625
800	500	4.5	?	7.51
800	670	4	109	?
?	?	?	?	8.3
700	650	4	?	7
790	650	4.5	111	9.2
710	320	2.5	91	7.45
790	550	?	?	6.5
800	610	3.5	108	6.3
790	485	4	?	8.15
800	680	4.5	116	8.24
780	280	3	93	7.711
800	700	3.5	113	7.984
?	?	?	?	7.8
790	390	3.5	103	8.015
800	510	4	106	7.8
790	500	3.5	96	8.2
800	410	3	107	7.5
?	?	?	?	7.5
760	630	3	91	7.5
