?	?	5	113	6
?	460	2.5	84	?
720	430	3	?	7.92
620	360	?	?	7
?	?	5	115	7.4
?	?	?	?	9.01
780	650	4	111	?
?	?	?	?	?
780	500	3	?	7.7
800	380	3.5	101	7.2
780	380	?	?	7.6
790	545	3	?	6.5
790	610	3	102	?
790	500	4	109	6.6
760	590	3	111	6.666
690	570	2.5	101	5.5
780	440	3.5	108	9.3
?	?	?	93	?
730	420	3	97	6.4
760	450	?	97	7.6
660	450	?	90	?
550	450	4	105	?
770	360	3	101	6.513
800	590	3.5	105	6.95
790	440	4.5	111	6.3
770	690	?	?	8.6
780	550	2.5	99	6.2
760	515	4	111	7.2
790	650	3	115	7.54
800	300	3	82	6.09
700	320	2.5	90	7.022
800	515	3	96	8.2
?	?	?	?	?
800	400	3	93	7
770	560	3	110	?
?	?	?	?	6.23
700	520	?	?	6.5
710	530	4	?	6
790	570	4	107	6.1
730	400	2.5	?	8
760	485	3	?	8.07
730	410	?	105	5.8
?	?	?	?	7.78
760	340	3	90	7.9
730	?	2	?	5.8
780	450	3	100	7.1
700	370	4	?	6.5
640	550	3	109	7.63
750	485	3.5	106	5.9
?	?	5	104	7.01
800	640	3.5	110	6.5
670	410	3	105	8.1
640	530	3.5	105	7.44
800	640	3	102	7.51
710	350	3.5	83	5.7
800	430	3	103	6.8
630	490	3	86	?
760	545	3.5	?	6.25
720	560	3.5	115	7.2
800	490	3	?	?
790	560	3	110	7.1
630	530	3.5	?	?
680	395	?	97	5.6
680	460	4	97	?
720	380	3.5	?	7.4
780	350	3.5	94	6.81
800	635	5	115	7.6
800	510	3.5	100	6.9
680	510	3	92	7.6
690	360	3	?	6.8
790	410	3	103	6.7
620	?	?	?	?
640	380	3.5	100	5.5
800	520	3.5	108	6.95
670	370	2.5	86	6.6
790	310	3	95	7.3
720	540	3.5	107	?
730	590	3.5	106	6.5
590	460	?	?	?
750	435	3.5	95	7
720	430	?	102	6.9
640	340	3.5	100	?
800	545	4	107	7.8
?	?	?	?	9.2
?	?	?	107	6.6
680	440	3	98	6.8
740	485	4.5	109	6.6
630	530	3.5	105	6.2
740	580	3.5	105	?
700	570	?	?	?
770	420	2.5	81	5.7
800	560	4	107	6.7
780	320	2.5	81	5.9
780	460	4	?	7.3
700	600	3.5	97	6.3
770	670	4	110	8.5
?	?	?	?	6.67
770	670	4	110	8.5
770	510	3.5	100	7.3
790	450	3	84	?
?	?	5	?	?
?	?	?	?	6.21
750	510	3	?	7
790	510	4	106	7.4
770	300	3	87	?
760	485	3	98	6.93
770	650	?	?	?
720	520	3	?	5.87
800	570	4	106	7.2
760	510	5	98	6.056
760	510	3	99	6.7
690	435	3.5	95	7
740	310	2.2	92	?
750	500	4	108	7.2
710	440	3	80	5.8
730	450	3	104	6.1
770	620	3	109	7.1
790	480	2.5	104	6.7
680	435	3	97	7
770	450	3.5	92	6.7
750	400	3.5	108	7.1
730	450	3.5	99	5.7
?	?	?	?	7.2
?	?	?	?	6.8
770	560	4	104	7.98
680	340	?	88	5.4
?	?	?	?	?
770	500	4	?	7.36
690	530	3	105	7.24
?	?	4.5	?	8
770	610	3	?	6.8
670	490	?	?	7.53
750	545	4	119	6.389
760	690	4	115	7.4
800	600	4	113	9.45
790	570	3.5	106	8.01
780	590	4.5	102	8.43
730	550	3	97	7.4
?	?	5	107	?
710	410	?	104	?
800	600	?	112	?
?	?	6	114	?
800	540	3	100	6.94
710	310	?	?	8.3
?	?	?	?	7.092
760	500	4	111	9.2
700	550	4	92	7.2
800	540	3	109	7.4
730	395	3	93	6.06
800	420	?	?	6
770	460	3	100	6.047
730	570	2.5	100	7.7
?	?	?	99	?
790	360	3.5	?	6.623
790	400	2.5	?	7.5
760	540	3.5	102	5.8
730	485	3	93	6.3
800	640	3.5	107	7.61
730	570	4	113	6.8
740	420	3	101	5.587
760	480	4	110	5.5
630	640	3	112	6
760	370	3.5	94	5.8
630	470	3	94	6.22
680	530	3	105	6.8
780	500	3	108	7.3
750	360	3.5	96	?
790	560	3	94	7.75
710	640	3.5	100	8.34
?	?	?	?	6.2
?	?	?	?	5.85
710	500	?	?	?
750	450	4.5	?	7.8
800	540	3.5	107	6.4
780	520	3.5	109	7.8
770	540	4	112	6.4
740	650	3	?	7.3
720	340	3	94	6.6
?	?	?	?	9.25
690	660	3	102	8.3
?	?	5.5	117	7.5
800	600	3.5	106	6.8
740	540	?	?	8.32
770	465	4	96	7.8
800	360	4.5	?	5
760	320	3	91	6.4
760	560	3	107	6.56
800	720	4	115	7.34
740	670	3	110	8.2
790	560	3	94	7.75
800	610	4	115	8.15
710	560	3.5	?	7.8
800	560	3	105	8.5
660	770	3.5	116	7.1
650	590	3	?	8.775
750	380	3	98	6.4
790	500	4	101	7.6
710	630	4.5	107	?
760	450	3.5	?	6.2
790	630	4	114	7.898
770	545	4	114	8.08
790	610	3	102	8.3
?	?	4.5	?	9.29
690	515	?	105	6.2
?	?	?	?	?
800	465	3	102	9.12
630	660	3.5	105	6.8
800	530	4.5	101	7.5
730	570	3	109	7.5
?	?	5	100	5.8
750	515	4	111	8.6
780	450	4	99	7.65
760	420	3.5	99	7.48
780	670	2.5	93	8.1
?	?	5	104	7.54
?	?	4	101	7.34
800	450	4	100	7.2
760	450	3.5	91	7.3
760	620	4.5	112	6.7
760	510	3.5	107	6.26
800	605	3.5	113	7.14
600	500	3	95	7.1
?	?	?	?	8.46
780	580	3	?	?
800	600	4	107	6.07
680	665	?	112	7.5
?	?	?	99	?
?	?	4.5	103	7.3
710	540	3	90	6.9
750	360	?	?	7.26
644	360	3	90	6.3
790	485	3	?	6.24
720	530	3	107	5.5
690	360	3.5	95	?
?	?	?	?	?
730	390	?	?	7.532
720	630	3	106	6.5
640	320	3.5	?	?
760	435	3.5	97	7.1
750	600	3.5	107	8.9
?	?	?	?	?
740	435	3.5	104	7.475
?	?	?	?	6.96
780	500	3	108	7.3
720	430	3.5	105	6.4
800	465	4	103	6.35
800	570	3.5	111	6.2
710	320	2	82	?
730	620	3	93	7.069
730	580	3	103	7.3
680	430	3	100	7
730	450	4.5	108	6.3
740	570	3	116	7.4
?	?	?	?	?
680	460	3.5	98	5.7
?	?	?	?	?
780	450	3.5	105	6.9
700	450	3.5	107	7.1
720	550	?	?	6.08
730	530	3	111	?
800	650	3	?	8.55
720	520	3.5	108	7.99
720	520	4	108	?
?	?	?	?	?
800	610	?	?	8.82
750	680	5	113	6.8
750	320	2.5	85	8
?	?	5.5	?	6
?	?	?	?	?
730	640	?	115	7.4
750	400	?	?	5.1
720	300	3	88	5.45
?	?	4	100	7.8
790	460	3	?	?
770	575	3.5	108	8.5
720	410	3	97	?
700	460	3	92	6.2
750	570	?	?	7
?	?	?	?	6.4
600	530	?	90	8.2
770	465	4	110	6.2
710	330	3	96	?
800	470	?	94	8
790	480	3	106	8
550	350	2	78	?
?	?	?	?	8.5
750	400	2.5	?	6.7
600	470	3	93	7.6
610	420	3	91	?
680	550	2.5	?	5.8
670	280	4.5	95	6.7
?	?	4.5	111	6.7
?	?	?	?	?
?	?	?	?	5
700	500	4.5	104	8.75
650	540	3.5	105	7.2
750	540	3.5	92	7.8
770	515	4.5	108	7.2
800	670	4	109	7.6
770	600	3	?	7.62
790	640	3	104	7.1
800	670	?	?	8.1
780	540	3.5	?	?
780	560	3.5	?	?
?	?	5	113	?
750	640	3.5	?	6.1
?	?	4	?	?
780	610	3.5	?	8.1
730	550	4	?	7
730	480	3	90	8.03
800	490	3	?	?
740	395	3	95	5.87
?	?	?	?	?
710	320	3	89	6.018
800	610	3.5	?	5.8
750	550	3.5	106	5.56
650	390	?	?	6.5
?	?	?	?	7.3
760	490	3	96	7.25
730	460	?	?	?
?	?	?	?	?
690	420	3	85	6
780	485	4	107	7.2
?	?	?	?	?
?	?	4	107	7.8
?	460	?	?	?
?	?	?	110	?
640	380	?	?	5.4
690	340	3	81	6.739
740	310	2.5	88	6.2
670	270	?	?	7.5
730	660	4	?	7.78
720	520	3	94	5.4
800	570	?	?	8.1
730	340	3.5	?	7.4
644	590	3.5	114	7.93
?	?	?	?	?
720	570	3	90	7.5
?	?	?	?	?
710	590	3.5	100	7.4
750	550	3.5	101	6.4
730	360	?	81	?
760	610	4	?	?
770	515	3.5	116	6.03
780	745	4	100	7.7
?	?	4	95	?
770	395	3	?	7.2
710	360	?	?	?
?	?	5.5	110	7
670	270	?	?	7.5
720	300	3	?	7.4
?	?	4	106	8.2
720	510	3.5	?	8.8
610	580	3	102	8.3
770	680	3	?	7
?	?	4.5	104	6.94
?	?	?	?	6.1
750	410	3.5	101	7.74
660	340	3	89	8.25
670	400	3.5	?	7
640	560	?	?	6.7
700	560	?	?	8.3
790	540	4	106	8.6
710	440	?	97	7.4
770	600	3	?	7.5
790	370	3.5	97	7.7
730	640	3.5	115	7.4
790	660	?	?	8.1
740	570	3	108	7.4
700	360	3	95	?
720	410	2.5	84	9.3
780	470	3.5	99	?
790	370	?	?	?
800	515	3	91	6.9
780	395	4	101	7.14
680	360	3	?	?
720	300	3	85	7.69
490	340	3.5	?	?
760	350	3.5	92	8.06
540	360	3	?	6.693
800	540	4	?	6.7
?	?	?	?	6.3
?	?	?	?	?
770	540	4	?	6.4
750	470	?	?	8
644	395	?	82	6.1
?	?	?	?	6.2
?	?	?	?	?
?	?	?	?	7.6
720	570	3	?	8
800	560	3.5	?	6.7
800	465	3.5	106	6.99
800	710	3.5	?	6.1
710	800	3.5	103	8.3
750	360	3.5	98	7.109
630	400	3	?	?
770	575	?	99	8
790	660	?	?	7.4
770	395	3.5	95	7.56
644	605	4	?	7.1
730	370	2.5	80	6.34
?	?	?	?	?
?	?	?	?	6.813
720	370	4	107	8.1
800	500	3.5	105	7.21
750	540	3	103	9.08
750	450	2.5	99	6.1
720	510	4.5	?	7.6
790	450	4	107	9.05
?	?	?	?	?
665	320	3	83	7
720	465	3.5	106	6.9
790	395	3.5	100	6.98
710	550	3.5	91	6.7
780	575	4	99	7.55
770	710	4	110	6.3
740	650	3	110	7.4
?	?	?	?	?
650	750	4	?	?
705	380	4	97	?
730	360	4.5	105	8.3
790	580	2.5	94	7.7
?	?	?	?	?
?	?	4.5	115	6.9
800	530	3.5	104	5.8
700	520	4	112	6.4
660	340	3	89	5.4
?	?	?	?	6.52
800	590	2.5	107	6.1
720	340	2.5	98	6.8
770	515	4	107	9.575
790	660	3	?	8
730	490	3.5	?	6
?	600	4	?	8.75
?	?	?	?	?
800	550	2.5	100	9.1
?	?	?	?	5.4
?	?	?	?	5.63
770	530	3.5	110	8.0168
780	490	2.5	?	?
800	510	3	106	8
750	640	3.5	?	6.2
710	630	3.5	116	5.7
710	320	3	92	5.5
770	560	4	109	7.6
800	570	3	108	?
?	?	?	?	6.7
?	720	?	?	7.7
575	575	4	92	6.9
740	340	4.5	100	8.5
740	420	3.5	96	6.4
800	490	3	?	7.52
720	460	3	99	?
?	?	4.5	?	?
720	420	3	?	5.5
680	685	5.5	119	7.5
700	600	3.5	115	7
720	580	4	?	?
720	395	2.5	93	5.6
740	340	2.5	?	?
730	310	3	88	6.4
620	360	3	92	?
800	600	4	114	6.02
780	660	4.5	?	6.05
730	300	2	?	6.2
760	380	3	103	6.5
?	?	?	?	?
720	420	?	114	5.5
760	435	3.5	105	6.4
740	605	5	109	6.5
780	490	2.5	91	7.5
?	?	5.5	112	7.54
310	260	3.5	?	6.189
?	?	?	?	8.12
?	?	?	?	7.75
720	380	3	92	6.6
800	600	3.5	108	7.1
740	640	4	?	7.749
780	530	3.5	104	6.2
780	650	4.5	116	6.432
?	?	?	?	7.5
665	330	3.5	93	7.3
770	690	3	100	8.58
800	600	4	107	6.08
740	460	3	97	8.12
800	560	4	115	7.25
770	470	4	104	7.33
?	?	?	?	?
630	510	3.5	103	?
800	?	3	105	?
705	370	3.5	97	5.8
720	340	3	94	6.6
800	670	3.5	103	?
750	300	3	83	6.9
?	?	?	?	?
680	460	3.5	115	8.3
800	560	4	113	8.99
670	540	3.5	?	8.1
?	?	5	114	6.2
?	?	4.5	96	7.4
800	520	3.5	97	8
?	?	?	?	?
?	?	?	?	?
?	?	?	?	?
?	?	4	108	8.7
720	530	3.5	103	7.3
780	520	3	114	7.5
730	485	3.5	109	8
790	500	3.5	106	7.875
680	395	3.5	91	5.8
760	410	3	94	?
750	575	4	107	6.4
710	600	4	?	7.88
?	?	?	?	5.1
?	?	?	?	?
720	390	3.5	108	6.3
800	520	3	105	7.9
?	?	5.5	?	7.26
800	510	3	?	7.7
800	720	4	118	6.645
?	?	?	?	?
800	660	3.5	103	8.76
800	620	3.5	102	7.74
760	420	4	?	7.6
750	380	3	89	6.1
?	?	4	?	7
710	530	3	100	8.2
740	370	3.5	102	9
770	590	4	103	7.978
780	630	3	105	7
690	465	3.5	95	?
700	350	3	?	?
?	?	?	?	?
680	330	3.5	?	6.3
800	650	5	112	7.95
?	?	?	?	?
800	545	4	?	7.1
790	420	4	113	7
800	580	3.5	99	?
800	545	3.5	111	6.3
620	430	?	?	?
650	620	3	111	7.5
?	?	4	103	?
?	?	5	?	7.3
730	550	3.5	108	6.969
760	500	?	?	7.36
?	?	?	?	?
790	465	3	107	6.1
?	?	?	?	?
610	?	5.5	108	6.8
?	?	4	?	7
790	410	?	?	7.1
800	570	4	109	6.2
?	?	4	105	6.1
?	?	4.5	100	9.475
?	?	4	107	7.2
595	360	4.5	103	6.7
660	560	3	101	8.24
600	620	?	?	7.04
790	545	3.5	?	6.9
630	310	?	?	5.7
750	380	2	95	6.1
?	560	?	?	7.6
?	?	?	?	?
720	360	3.5	91	7.8
790	515	3.5	?	7.6
800	450	3.5	?	7.6
750	350	3	?	7.9
760	410	3.5	104	5.836
?	?	?	?	?
760	390	2	91	6.5
?	?	?	112	?
?	?	6	117	8.41
600	400	?	85	5
665	280	3	89	?
740	660	3	90	9
780	520	4.5	105	8.34
?	?	?	?	?
700	520	4	?	8.5
660	320	4	105	6
?	?	?	?	?
720	430	?	?	?
780	450	3.5	101	?
?	?	5	?	?
780	550	3	105	7.24
680	350	?	?	6.5
770	510	3	92	5.4
720	410	4	97	?
650	380	3	?	6.3
780	580	2.5	88	?
?	?	4	95	8.1
730	480	3.5	112	5.46
740	380	2.5	98	5.4
790	515	4	?	7.5
800	500	3	91	7.5
750	640	3.5	103	6.2
650	530	2	92	7.778
760	420	3	86	?
650	620	3	111	7.6
?	430	?	?	7.824
770	390	4	110	?
780	510	3	108	6.323
770	420	3	104	8.3
730	430	4	?	?
790	530	3.5	?	8.31
740	320	3	86	7.74
740	310	3	?	6.8
?	?	?	?	?
720	550	3	96	7.2
650	350	?	?	8.3
720	310	2	?	6.7
?	?	4	?	9
750	490	3	104	6.2
790	720	3	110	8.12
650	500	3.5	89	6.012
770	550	3	96	7.21
690	530	3	105	7.24
705	380	3	100	9.725
770	485	4	107	8.5
680	400	3.5	105	7.5
800	540	3	112	6.95
705	435	3.5	102	?
710	570	3	98	5.472
650	?	5	?	8.5
?	?	3.5	91	?
650	?	4.5	99	?
730	510	3.5	?	?
680	390	3.5	88	7.4
800	395	2.5	95	6.64
?	?	4.5	106	9.29
780	465	4	98	7.4
800	660	4	116	7.8
?	?	5.5	103	7.57
740	435	3	96	7.4
700	470	3.5	109	8
790	510	4	110	5.3
?	?	?	?	?
?	?	?	?	8.3
?	?	?	?	?
?	?	?	?	?
690	380	3	96	7.78
720	500	3	102	8.4
630	395	2.5	?	5.075
780	290	?	105	6.2
?	?	?	?	8.76
780	330	?	110	?
?	?	?	?	?
?	?	5.5	116	7.65
800	350	3.5	95	6.997
?	?	4.5	102	7.64
770	330	3	85	?
750	460	?	?	9.25
750	605	3.5	115	7.84
660	410	?	100	8.4
740	600	3	?	?
?	?	?	?	?
750	560	3.5	105	7.5
644	300	4	87	7
?	?	?	?	?
740	500	4.5	107	8.8
790	430	3	105	8
630	550	3.5	115	8
750	435	4	108	7.585
750	500	4	94	5.5
640	580	3	?	6
770	360	2	?	6
740	300	2.5	?	?
730	465	3	105	6.4
780	605	3	109	7.6
540	310	2.5	?	?
?	?	?	?	?
750	650	5	115	10
680	485	2	91	8.2
790	600	?	104	7.2
?	?	?	?	?
800	350	3.5	91	7.1
800	380	3.5	91	6.5
?	?	?	100	7.8
770	520	3	?	6.9
705	420	2.5	82	8.03
800	500	4.5	110	6
705	435	4	111	6.3
690	370	3	88	6
680	420	3.5	94	5.73
730	545	4.5	?	8.12
630	390	2.5	?	7.26
790	500	3.5	102	6.7
?	?	?	?	?
700	480	2.5	96	6.2
630	270	3	?	5.5
770	465	3.5	102	6.1
710	300	?	?	6.5
?	?	?	?	?
?	?	?	?	?
720	395	3	?	7.3
790	550	3.5	111	6.8
720	580	4	105	7.1
800	450	?	?	7.38
780	320	3.5	86	6.14
665	380	2.5	?	7.19
720	395	?	91	8
720	395	?	?	8
740	420	4	?	7
720	490	2.5	98	6.17
750	570	3.5	110	8.29
720	395	?	91	8
?	?	5	106	7.48
720	400	4	96	7.8
750	530	?	?	8.4
780	485	3.5	104	7.8
800	580	3.5	111	7.24
665	370	3	98	7.1
760	380	3.5	93	?
730	430	3.5	98	6.689
700	330	3.5	?	?
800	520	3.5	?	6.4
319	620	?	?	6
480	?	5	89	6.6
710	690	3.5	?	8.9
?	?	?	?	?
800	440	3.5	106	7.447
660	690	3.5	?	6.907
790	545	?	?	10
644	435	4	?	?
770	370	?	91	6.593
750	600	4	91	?
710	420	3	95	?
750	600	3	105	8.5
610	300	2.5	?	7.1
800	450	3.5	98	8.7
305	304	4	112	?
600	300	2	82	5.7
?	?	?	?	7.2
770	360	3.5	108	6.3
710	320	3.5	82	7.8
730	435	4	110	?
720	465	3.5	94	6.2
800	350	3.5	?	?
740	370	3	97	7.34
615	530	3.5	103	6.4
720	435	3	91	8.418
750	435	3.5	108	7.81
800	545	3.5	104	5.7
780	650	4	105	7.153
690	370	4	98	7
705	290	3	101	6.133
705	410	3	95	5.86
680	350	3.5	?	7
?	?	?	?	8.6
705	380	?	?	6.54
?	?	?	?	7.4
620	480	2	?	8.9
710	610	3	101	8.1
740	435	2.5	102	7.56
770	465	3	93	6.5
790	310	3	93	6.5
?	?	5	108	6.8
780	395	?	?	6.9
?	?	5	?	6.8
410	?	3	105	7.7
?	620	?	104	6.8
?	?	?	?	6.9
750	460	3	?	8.32
535	360	4	87	?
730	270	3	85	7.9
750	690	3.5	114	6
510	340	?	?	7.63
680	360	2.5	86	6.5
705	380	4	93	?
790	420	3	101	7.2
770	530	?	104	7.2
680	370	2.5	86	6.6
535	310	2.5	?	7.02
790	430	4	?	8.45
790	420	?	110	7.64
760	515	?	?	7
665	450	2.5	102	5.9
790	380	3.5	?	7
?	?	?	?	?
615	410	3	91	7.9
?	?	?	?	5.7
?	?	5	?	5.66
740	500	?	?	?
790	510	?	105	9.75
?	?	6	102	?
800	480	3.5	105	7
750	370	?	?	7
?	?	?	?	8.23
800	600	3	104	7.3
770	340	?	90	6.1
?	?	3.5	?	?
?	?	?	?	6.24
800	610	3	109	8.01
720	530	3	97	6.1
720	350	3	96	?
690	?	?	108	7.7
740	500	4	?	7.5
750	395	3.5	98	7.1
770	630	4	112	9.55
770	500	3	89	6.541
385	370	?	?	7
770	350	2.5	?	7.1
770	320	3	?	7.16
690	605	3	116	8
800	630	4	108	?
750	330	3	?	7.875
?	?	4.5	?	8.7
770	630	?	107	6.4
?	?	?	?	?
740	530	4.5	114	8.25
770	435	?	110	5.6
?	?	4.5	?	6.2
630	500	?	?	?
?	?	?	?	8.15
780	710	3.5	116	7.05
?	?	?	99	8.5
750	360	3	91	7.02
680	320	?	95	?
?	?	?	?	?
760	370	3	94	7.775
800	530	5	?	7
?	?	?	?	?
740	340	4.5	100	8.5
770	550	3.5	110	7.35
800	420	3.5	97	6.4
?	410	?	?	5.2
790	660	5	117	7.3
705	530	3	?	6.52
730	460	3.5	113	3.5
644	500	4.5	110	6.7
720	450	?	87	?
?	?	?	?	?
750	465	4	111	?
790	660	4	?	?
790	575	4	104	5.5
720	400	3	87	6.4
?	?	?	?	6.9
750	465	4	105	7.6
750	360	3.5	102	7.6
800	435	3	103	8.62
510	700	3.5	?	7.9
770	500	4	110	7.48
?	?	5.5	104	5.9
650	380	2.5	86	6.5
?	?	?	?	?
?	?	?	?	?
770	575	4	105	7.025
?	?	?	?	?
?	?	5	?	6.5
660	630	3	85	?
535	420	3	90	6.1
?	?	?	?	?
730	340	?	87	7.04
800	340	3	91	?
?	?	?	101	7.4
800	530	3	99	8.53
?	?	?	84	?
790	435	3	91	7.74
?	?	?	?	?
750	570	2.5	82	6.25
760	530	3.5	106	6.67
?	?	5	?	6.9
?	?	5	100	6.3
730	300	3	95	7
710	320	2.5	81	?
?	?	?	?	7.263
690	310	3	71	6.4
?	?	?	?	8.1
780	630	3	88	?
780	465	3.5	106	7.15
610	370	3	104	5.8
770	515	3.5	?	5.7
730	410	3	102	8.23
640	520	3	?	7.4
?	?	?	100	?
630	340	3	87	6.9
?	?	5.5	114	?
680	380	3	99	7
?	?	?	?	8.525
780	640	4.5	117	5.9
?	?	?	?	?
?	?	?	?	?
710	440	3	105	?
730	300	3	?	7.6
650	650	3	102	6.3
705	410	3	88	6
?	?	?	?	?
800	580	3	101	8.5
615	620	5	106	?
644	515	3	112	5.6
760	440	3.5	?	?
800	410	?	115	?
?	?	5	106	?
?	?	4.5	102	6.7
?	?	?	?	?
?	?	5	?	8.6
760	560	3.5	109	?
790	450	4	105	8.38
760	330	?	?	8.2
730	485	3.5	101	7.86
?	?	?	94	?
780	520	4	102	6.712
550	290	3	84	7
800	590	4.5	110	8.9
780	370	3	?	?
?	?	?	?	?
?	?	4.5	99	7.2
740	530	4	104	?
790	610	4	112	9.575
730	350	3	95	6.953
720	420	3.5	114	?
?	?	?	?	?
600	470	3	93	?
800	660	4.5	111	?
730	540	3	93	7.5
?	?	5	107	?
?	?	5.5	107	7.5
720	435	3.5	108	6.645
770	635	3.5	?	7.89
690	500	3.5	106	7
?	?	5	104	?
?	?	?	?	?
?	?	?	?	8
?	?	?	?	6.72
?	?	?	?	?
780	485	3	100	7.2
?	?	?	?	?
?	?	?	?	?
670	520	3.5	108	5.7
690	360	3	90	7.06
?	?	4.5	111	6.9
770	330	?	105	7.46
?	?	?	?	?
800	380	3.5	95	7.62
?	?	5	?	6.44
?	?	?	?	8
690	330	3	?	7.6
800	420	3	?	7.9
770	340	3	99	7.176
?	?	?	?	?
?	?	6	99	?
760	330	3	91	6.2
770	450	4	108	6.9
780	395	2.5	93	7.273
?	?	?	?	?
740	340	3	89	5.8
?	?	?	?	?
790	420	3.5	86	5.7
790	465	2.5	103	7.18
760	465	3.5	102	?
680	370	?	?	?
?	?	?	?	?
?	?	?	?	9.25
800	630	?	108	?
800	630	?	108	?
?	450	3	96	6.1
770	400	3	?	?
730	360	3.5	102	9
?	?	?	?	8.5
760	350	3	85	7.29
?	?	?	?	?
?	?	?	?	6.7
770	435	4	107	6.7
780	635	3.5	104	7.4
?	?	?	?	?
?	?	?	?	7.9
720	500	4	107	6.5
?	?	?	?	7.25
700	500	3	94	7.3
800	450	4	?	7.38
?	?	?	89	7.4
770	545	4	108	8.72
?	?	?	?	?
730	570	3.5	99	6
?	?	?	?	?
615	310	2.5	?	8
?	?	5	100	6.4
?	?	?	?	?
?	?	?	?	?
790	485	4	115	7.5
770	380	3	90	6.616
770	300	3	87	6.5
740	540	?	96	6.1
770	630	4	?	9.875
?	?	?	?	?
770	465	4	?	8
710	510	3.5	97	7.276
705	450	3.5	?	6.2
?	?	?	?	6.49
780	370	3	90	7.2
?	?	4	101	6.1
770	480	2.5	96	?
510	725	3.5	86	7.5
?	?	5	110	7.54
800	420	?	?	7.81
800	465	3.5	102	7.43
?	?	?	?	?
750	575	?	?	7.762
?	?	?	112	?
?	?	?	?	?
690	395	3	102	6.26
800	730	4	116	7.34
760	395	3.5	?	5.8
800	630	4.5	104	7.4
?	?	?	?	?
750	435	3	108	6.9
760	515	4	116	6.4
760	420	3	94	8.3
790	670	3.5	106	?
?	?	?	?	7.5
?	?	5	110	7.52
690	410	3.5	104	7
?	?	?	?	?
800	700	?	?	8.44
790	500	4	116	6.93
?	?	5.5	117	6.242
615	435	3.5	?	6.52
770	530	3	?	?
?	?	?	97	?
?	?	?	102	?
?	?	5	104	8.13
670	770	2.5	78	?
?	?	?	?	?
760	435	3.5	115	5.8
420	760	3	93	7.8
780	590	4	111	6.5
770	500	3.5	96	8.1
?	?	?	?	?
740	360	3	100	6.4
595	370	3	95	6
770	360	2.5	83	?
?	?	?	?	?
?	?	?	106	?
644	515	3	?	?
770	710	?	?	8.1
?	?	4.5	105	?
760	370	3	109	7
620	470	2.5	101	8.34
?	?	?	?	?
750	485	2.5	104	7.06
800	650	3	100	?
790	690	3	101	6
770	515	3.5	103	?
770	545	3	97	8.9
?	?	3.5	98	?
?	?	?	?	?
770	450	4	112	8.4
800	500	4	110	6.3
790	490	3	97	?
730	370	3	98	7.73
?	280	?	?	6.2
800	620	4.5	102	6.4
790	395	3	105	7.46
760	450	3.51	102	7
?	?	?	?	?
?	?	?	?	?
?	?	?	100	?
?	?	?	109	8.1
?	?	?	?	?
?	?	?	?	?
800	545	?	?	8.33
770	570	?	107	7.73
?	?	?	?	7.89
?	?	?	?	?
770	380	3	?	8.003
800	635	3.5	?	6.8
760	420	3.5	103	6.4
740	320	3	?	8.2
?	?	?	?	?
740	435	?	?	7.4
?	?	?	?	?
760	605	?	?	7.3
770	500	4	114	6.8
730	420	3	98	7.3
770	450	?	95	7.94
680	570	4	116	7.213
750	370	3	90	7.18
665	450	3	92	6.777
?	?	?	?	6.5
?	?	5.5	116	7.1
790	560	3.5	104	5.7
?	?	5.5	113	?
770	420	3.5	102	7.6
790	550	4	105	7.8
760	450	3.5	100	7.7
?	?	3.5	104	?
665	310	2.5	?	?
?	?	5.5	?	7.34
?	?	?	?	?
770	465	4	?	7.4
630	310	3	95	6
630	410	3.5	107	?
790	485	?	?	8.8
?	?	4.5	110	6.98
790	410	3.5	106	6.511
?	?	?	?	6.9
730	340	3.5	94	6
690	690	4.5	112	8.15
770	380	3	92	7.403
720	370	3	81	5.7
?	?	?	?	?
?	?	?	?	4.4
?	?	?	?	?
740	330	3	82	8.3
770	465	4	104	7.33
790	395	3.5	95	9.2
?	?	?	100	?
770	320	3	102	6.7
740	360	?	?	8.2
?	?	4	100	7.5
740	380	?	91	?
?	?	5.5	110	7.133
740	435	3	?	7.78
705	380	3.5	87	7
740	530	3.5	108	6.9
510	340	3	82	?
770	485	3.5	94	8.1
?	?	?	?	?
?	?	?	?	7.3
780	460	?	?	?
790	485	3	?	6.76
770	530	3.5	?	6.27
705	420	4	?	7.7
770	485	?	112	6.3
?	?	5	97	7.026
?	?	?	?	?
790	515	4	102	7.3
720	340	2.5	?	?
?	?	?	?	?
?	?	?	?	8.1
800	600	4	110	8.49
?	?	?	?	7
790	410	3	?	7.1
?	?	?	?	?
?	?	?	?	?
?	?	?	?	?
760	560	4.5	105	6
720	485	3.5	108	8.3
760	330	3	95	6.7
?	?	?	?	7.84
770	435	?	97	8.2
630	450	4	107	7.3
760	435	3	100	?
730	500	4	105	7
760	280	2	80	?
?	?	?	?	?
750	420	3.5	107	5.98
680	470	3	86	?
770	500	4	109	8.52
800	580	3	108	6.5
680	370	3	106	7.3
?	?	?	?	?
690	600	3.5	94	6.4
?	?	3.5	101	6.4
730	620	4.5	112	6.85
740	370	3	98	7.65
780	410	2.5	92	8.64
?	?	?	?	?
740	320	3	96	7.495
760	560	4.5	117	8.3
800	640	3.5	?	9.3
740	450	2	97	?
?	?	?	?	?
730	590	3.5	110	6.3
720	350	3	85	6.2
?	?	?	?	?
680	340	3.5	101	?
?	?	?	?	7.63
770	465	3.5	107	6.8
?	?	?	?	?
?	?	?	?	?
720	410	3.5	104	5.8
291	310	3	80	5.4
?	?	5	?	6.7
630	420	3	91	5.8
780	745	?	?	7.7
760	410	3.5	?	7.4
730	480	3	90	8
?	?	?	112	8.7
740	485	3.5	105	8.08
730	450	4	98	6.8
?	?	5	?	8.05
760	465	?	?	?
720	435	3	99	7.9
?	?	5.5	?	8.3
780	485	3	99	8.243
?	?	?	?	?
730	370	?	?	6.9
760	420	3.5	105	?
535	515	3.5	106	?
740	530	3.5	?	6.4
740	545	3.5	104	7
690	360	3	91	7.4
680	465	4	111	6.8
760	540	?	108	7
770	560	4	117	5.8
790	560	3.5	113	7
680	450	4	88	?
644	410	?	?	6.3
780	515	3	107	?
?	?	?	?	?
?	?	?	?	7.8
?	?	4.5	?	9.05
800	420	3	100	6.8
?	?	5	?	8.1
720	515	3.5	?	6.7
610	310	3	79	?
?	?	?	?	?
700	590	4	112	6
?	?	?	?	?
?	?	?	?	?
690	370	?	?	6
720	430	2.5	102	7
760	520	?	?	7.4
770	580	4.5	?	8.85
?	?	?	?	?
?	?	?	?	?
760	380	3.5	96	6.5
650	330	4	97	6.6
690	480	3.5	?	6.87
630	420	3	100	6.5
?	?	5	?	8.1
800	700	4	110	?
740	395	?	?	8.07
780	530	3.5	110	5.93
595	330	?	90	?
?	?	?	?	?
720	510	4.5	?	7.64
730	465	4	109	5.456
740	560	3.5	114	6.34
800	450	4	113	7.8
?	?	4.5	?	8.63
307	395	?	?	7.82
?	?	4	108	7.5
?	?	?	?	6
?	?	?	?	?
770	465	3.5	107	7.4
?	?	?	?	?
760	560	4.5	?	6.5
720	410	?	98	7.3
790	685	4	117	6.7
800	700	5	?	6.5
770	360	4	?	6.6
770	410	3	106	8.01
?	?	?	?	?
740	330	?	?	9.3
770	410	3	87	6.5
705	370	3	87	?
800	575	4	112	6.4
800	640	3.5	?	9.3
800	605	4	110	7.15
740	440	2.5	?	7
?	?	?	?	7.62
?	?	5	?	?
?	?	4.5	91	8.25
705	380	3	89	6.26
690	380	2.5	?	5.5
?	?	?	?	9
?	?	?	?	6.7
730	450	4.5	93	6
760	330	3.5	98	5.8
?	?	?	?	6
?	?	?	?	?
760	650	3	107	?
800	640	5	?	6.35
770	380	?	99	7.2
770	330	?	?	8.4
705	380	3	101	6.5
?	?	5.5	115	5.5
665	435	3	105	6.4
?	?	?	94	6.005
644	485	2.5	?	6.3
750	390	3.5	?	?
760	590	4.5	118	6.48
790	550	4	105	6.869
750	360	?	?	6.27
720	515	3	105	6.2
615	330	3.5	?	?
690	370	3	88	6.4
750	390	3	97	7.92
690	410	3	90	?
720	380	3	?	7.479
800	530	5	115	7.55
630	510	3	92	?
?	?	?	?	?
770	420	3	?	7.6
750	380	3.5	95	5.7
?	?	?	?	6.7
740	360	3.5	101	?
800	575	3.5	109	?
615	260	2	?	?
?	?	?	?	?
770	530	?	113	6
770	530	4.5	112	6.33
770	450	3	97	7.428
720	380	3.5	86	7.5
?	?	?	?	?
?	?	?	?	8.88
?	?	3.5	?	?
730	380	3	?	6
?	?	3.5	96	6.4
?	?	5	118	6.4
650	350	3	?	?
?	?	4.5	113	6.9
790	530	3.5	107	7.42
?	?	?	?	6.62
?	?	?	?	8
665	395	?	?	6.9
750	330	3.5	100	?
?	?	?	?	?
?	?	?	?	?
750	520	4	114	7.8
?	?	?	?	7
?	?	5.5	?	7
740	530	4	109	6.3
?	?	?	?	?
740	435	3	79	7.6
760	340	3	93	?
705	380	3	85	6.025
780	515	4	111	7.753
680	575	3	?	6.2
790	530	3.5	106	6.1
?	?	?	?	?
690	690	5	?	7
780	575	?	?	8.2
730	410	4	?	8.3
?	?	?	?	?
?	?	3.5	?	7.245
730	380	3	104	6.23
?	?	?	?	7.2
?	?	?	?	7.6
760	450	4.5	109	7.58
644	485	4	111	7.14
?	?	5	?	8.1
?	?	?	?	?
?	?	?	?	7.56
770	410	3.5	93	7.5
770	370	3	93	8.02
?	?	5	102	6.62
790	530	4	109	7.68
?	?	?	?	?
740	580	4	111	7.2
800	515	4.5	109	6.6
780	485	3.5	108	6.026
?	?	?	?	?
720	380	3	92	7.1
750	330	3	?	6.45
780	340	3.5	?	8.3
?	?	?	?	5.8
?	?	5	106	7.8
790	545	3	104	7.2
760	330	3	88	?
?	?	?	?	?
760	370	?	98	6.2
730	420	3	108	6.6
615	280	?	?	6.5
?	?	?	?	6.6
750	485	4	105	6.3
750	570	4	?	6.8
?	?	?	?	?
730	370	3	?	6.749
?	?	?	?	?
730	485	3.5	95	?
?	?	?	?	?
740	435	3	103	7.4
790	590	4	107	6.63
770	370	3	94	8.167
?	?	?	?	?
780	480	3	103	7.03
?	?	?	?	7.6
760	330	3	110	5.8
790	410	?	?	?
720	530	3.5	?	7.55
730	395	3.5	104	6.5
750	370	3.5	100	6.94
?	?	?	?	7.9
?	?	?	105	?
?	?	?	?	7.2
780	560	3.5	107	6.978
?	?	4	113	7.2
?	?	5	?	7.26
780	680	?	118	6.8
800	745	5.5	118	8.23
?	?	4.5	?	6.9
790	330	3.5	95	6.76
700	450	3	?	?
720	435	?	?	?
740	420	3.5	106	7.2
665	380	3.5	93	8.58
790	420	2.5	94	6.6
760	450	3.5	102	7.4
730	320	?	?	?
705	300	3	?	?
720	320	3.5	95	10
?	?	?	?	8
790	605	4	113	6.7
?	?	?	?	?
730	500	4	105	8.05
690	310	2.5	90	8.2
750	530	3.5	101	6.1
?	?	?	?	?
790	540	2.5	?	6.733
705	410	2	91	6.8
?	?	?	?	?
?	?	?	?	6.2
705	330	3	87	?
750	370	3.5	97	7.1
644	330	?	?	7.3
?	?	?	?	6.653
?	?	?	?	?
780	545	4	114	6.352
760	760	?	101	7.789
?	?	?	?	6.12
?	320	3	?	6.1
705	450	?	93	6.6
?	?	?	?	?
485	320	6	?	?
?	?	?	?	?
?	?	4.5	105	7.5
760	545	4	107	7.1
665	380	3.45	106	6.2
720	380	3	93	7.146
780	500	4	100	7.656
800	360	3	106	7
?	?	5	105	8
790	575	3.5	111	6.612
?	?	?	?	5.1
630	370	3	?	8.5
790	530	3.5	100	7.2
?	?	?	?	7.25
?	?	?	?	?
770	465	4.5	?	7.5
?	?	5.5	114	9.33
?	?	?	?	?
770	410	?	100	6.2
?	?	?	?	?
615	435	2.5	106	7.2
665	370	?	?	?
?	?	?	?	?
?	?	4.5	?	?
?	?	?	?	?
720	380	3	?	?
760	590	3.5	?	8.7
740	530	4.5	105	6.5
760	515	3	113	6.9
?	?	?	?	?
644	485	?	95	?
710	570	2.5	82	6.25
780	560	4	107	6.7
?	?	?	?	?
730	360	3	?	7.6
?	?	?	?	6.513
760	435	3.5	95	7.013
?	?	?	?	?
644	360	3	?	8.5
790	575	3	?	7.76
750	620	3	?	8.4
770	450	3	100	?
740	560	3.5	108	6.3
770	420	4	104	7.44
740	600	3.5	?	8.2
750	370	?	?	?
?	?	4.5	?	6
770	530	?	?	?
790	545	3	?	7.2
770	420	3.5	?	6.7
?	?	?	?	?
710	390	3	103	5.8
?	?	?	?	6.55
680	310	?	?	?
?	?	?	?	?
770	450	3	94	6.545
750	420	?	?	?
644	465	3.5	105	8.3
?	?	?	?	?
770	620	4.5	?	5.7
740	410	?	?	7.5
?	?	?	?	7.3
800	485	3	105	8.4
665	340	3	81	7.25
555	650	3.5	105	6.4
?	?	?	95	7
?	?	?	104	7.6
790	515	3	100	6.6
?	?	5	?	7.2
?	?	?	?	?
770	435	?	?	6.2
?	?	5	107	7.82
800	685	4	119	8
800	620	4	112	7
800	450	3	104	7.2
?	?	4.5	?	6.9
750	570	3.5	?	8
730	350	3	84	?
800	620	4	113	7.232
690	370	3	88	6.5
760	380	3	100	6
?	?	?	?	7.75
750	500	3	95	7.91
?	?	?	?	7.3
720	320	3	90	6.55
?	?	?	?	8.6
?	?	?	?	?
790	550	4	100	7.68
644	515	3	112	?
760	530	3.5	112	6.4
705	465	3	97	6.5
?	?	5	109	8.55
760	340	3.5	?	6.9
770	450	3	99	5.875
?	?	?	?	?
800	380	3	91	5.9
800	515	4	112	6.6
770	465	4.5	102	7.77
?	?	?	?	6.9
800	465	3.5	100	6.944
?	?	?	?	7
770	515	3.5	112	7.2
?	?	?	?	?
740	395	3	104	6.2
730	410	3	102	7.93
?	?	5.5	110	?
595	340	2.5	81	6.9
750	435	3	?	8.7
770	465	3	103	7.3
750	515	3.5	102	6.3
?	?	?	?	?
770	530	3	108	6.918
490	800	3.5	107	?
770	540	3	?	?
?	?	?	?	7.87
690	340	3	84	6.28
720	340	3	90	6.8
740	560	4	117	7.617
730	380	?	?	6.8
?	?	?	?	7.1
730	630	?	96	?
730	560	3.5	107	7.76
790	490	3	105	8.3
?	?	4	109	7
790	485	4	100	5.8
770	515	3.5	101	6.05
750	630	3	?	?
780	395	3.5	100	7.52
760	450	3	111	6.4
770	485	3.5	110	?
760	450	3.5	102	6.112
780	485	3	101	8.1
?	?	?	?	?
665	370	3	101	6.444
?	?	5	120	?
750	545	3.5	?	7.87
?	?	?	?	?
?	?	?	?	?
790	530	4	106	8.1
800	590	4.5	114	7.63
?	?	5.5	?	7.97
?	?	?	?	?
630	340	3	?	7.15
?	?	?	?	?
730	435	3	88	7.214
480	750	4	112	7.5
790	435	4	101	8.3
?	?	?	?	7.8
780	420	3.5	?	6.86
?	?	5	?	6.54
?	?	5	113	6.73
750	575	4	?	8.05
?	?	5	98	7.01
?	?	?	?	7.62
?	510	?	?	6.55
790	500	?	113	8.3
?	?	?	?	?
760	485	3.5	93	?
690	465	4	?	7.2
?	?	?	?	?
730	420	3	95	6.7
750	370	2	100	6.6
?	?	?	?	8.5
?	?	?	?	8.24
174	530	3	96	7.33
780	580	3	96	7.8
760	485	3	108	7.93
?	?	?	?	?
680	370	?	82	7.01
800	515	3	100	8.39
?	?	?	?	6
780	520	3	?	7
705	465	4	89	6.5
760	485	3	108	7.93
760	485	3	104	?
760	700	4	117	5.2
?	?	?	?	?
750	395	2.5	94	7.4
800	435	3	?	7.123
720	300	3	?	6.8
780	560	4.5	108	6.8
750	570	3.5	110	8.29
750	370	3	93	6.9
770	380	3	89	6.1
?	?	?	?	8.74
750	450	3.5	103	6.5
770	620	3.5	111	7.5
770	395	3	94	7.15
780	545	3.5	110	6.35
750	340	?	99	6.6
790	395	3	95	8.3
770	420	3	103	6.1
800	600	5	?	?
680	330	?	?	6.4
750	280	2.5	?	7.45
770	450	3.5	96	7.75
?	?	5	?	7.194
740	420	3.5	104	8.69
800	550	3.5	111	9.2
?	?	5	?	8.03
770	590	4	116	5.842
760	450	3.5	99	?
?	?	?	?	?
770	560	3.5	112	6.8
760	435	3	98	9.475
800	700	4	100	6.51
705	380	2.5	?	?
630	395	2	?	6.2
485	450	?	110	?
750	530	4	?	7.904
?	?	3	99	7.6
705	560	3.5	?	7.5
?	?	5.5	107	5.9
?	?	?	?	?
750	340	4	?	6.4
720	485	3.5	105	?
?	?	?	?	7.25
740	450	3.5	110	6.8
730	420	?	?	7.3
790	410	4	103	8.06
690	465	3.5	96	6.7
?	?	?	?	7.4
690	370	?	?	7.32
780	530	3	106	6.8
690	330	3	75	7.475
750	340	?	99	6.6
740	620	4.5	118	6.2
?	?	?	?	6.5
760	410	3	94	7.84
690	420	3	?	?
770	620	3.5	116	7.5
770	330	?	?	?
705	485	3	106	7.3
720	420	3	?	7.5
770	395	3	95	?
800	450	3	108	7.8
760	410	3.5	92	?
760	420	3	?	7.76
760	410	?	?	6.2
800	?	3.5	104	5.5
750	485	3	106	7.1
?	?	?	?	6.5
644	370	3	?	8.1
?	?	?	104	7.092
790	530	?	108	7.5
740	515	3	100	7.228
750	485	3.5	112	9.8
665	395	3	90	7
800	590	4	112	7.43
?	?	?	?	6
?	?	4.5	118	8.2
?	?	5	99	?
644	450	?	?	8.1
800	380	3	101	6.5
780	545	3	105	6.1
790	560	3.5	105	?
800	685	4	112	6.75
720	370	3.5	99	7.1
760	395	3.5	93	6.5
720	490	3	115	8.4
740	465	?	?	?
760	450	3.5	105	7.4
710	630	3.5	116	5.8
730	340	?	?	7.4
?	?	?	?	?
780	530	4	112	5.813
770	530	4	104	7.4
800	450	3.5	105	7.19
800	635	5	?	9.125
720	485	3	100	?
720	500	3.5	98	5.45
730	465	?	102	?
780	370	?	?	7.76
800	500	?	112	6.7
644	340	3	95	8.275
705	450	3.5	107	7
770	575	3	102	7.65
720	410	?	99	6.935
800	485	4	102	7.27
720	290	3	80	6.9
?	?	?	?	8.15
?	?	4.5	?	7.2
?	?	?	?	7.1
760	360	2.5	84	6
700	530	3	?	6.69
780	500	?	103	5.7
705	420	4	111	6.5
?	?	?	?	?
760	320	2.5	?	6.4
760	380	3.5	?	7
750	360	2	100	7.6
440	320	3	85	6.66
705	340	3	84	7.66
770	500	3	105	?
?	?	5	109	?
740	660	?	117	?
770	500	?	?	?
615	330	?	90	?
740	700	3.5	113	7.245
720	500	3	107	7.81
770	570	3.5	?	?
750	380	?	87	8.4
750	465	3.5	84	7.9
750	465	3.5	99	7.16
?	?	?	?	?
740	435	3.5	96	6.237
800	420	3	101	7.15
750	340	?	104	7.53
800	420	3.5	107	8.7
?	?	?	?	?
790	665	4.5	116	9.5
800	545	4	100	7.2
705	370	?	?	6.4
644	320	3	?	6.1
750	540	3.5	?	?
690	395	4.5	110	?
690	330	3	?	6.47
800	485	3	?	7.6
750	320	2.5	?	?
?	?	?	?	5.5
720	360	3.5	86	?
690	485	3.5	101	6.4
770	380	3.5	101	7.21
730	635	3.5	115	7.3
730	570	3.5	114	6.5
790	560	3.5	113	7
?	?	4	?	9.25
?	?	?	?	6.291
740	485	3.5	100	7.43
790	410	?	98	7.3
730	395	?	?	7.8
770	515	3.5	101	8.06
750	380	3	?	?
770	465	4	110	7.45
770	435	3	94	9.6
780	465	5	110	6.5
?	?	?	?	?
800	685	5	116	8.05
690	380	3	91	?
760	450	3	105	9.02
760	380	4	95	9.31
730	395	3	?	7.8
?	?	?	?	?
770	560	4.5	?	6.9
770	400	3	?	8.4
720	370	3	101	5.6
?	?	6	?	?
?	?	4	108	8.107
750	340	3	92	6.9
660	600	4	112	?
800	635	4	108	6.15
760	380	3	95	?
760	515	?	?	8.24
770	395	3.5	?	6.5
690	340	3.5	91	9.5
680	570	3	102	?
?	?	4.5	111	6.7
750	500	3.5	?	?
?	?	?	106	8.04
740	515	3	100	7.228
705	435	3	86	?
780	550	2.5	95	7.3
790	435	4	105	7.34
690	515	3.5	107	6.67
630	370	3	?	7.3
730	380	3	96	?
?	?	?	?	?
680	320	3	82	6.35
770	420	4	113	7.018
760	515	4	117	6.3
644	620	?	?	?
720	310	?	93	?
770	370	2.5	?	7.5
?	?	5	108	9.9
790	395	?	?	8.77
?	?	5.5	107	7.3
?	?	?	?	?
730	340	3.5	?	6.7
720	470	3	89	?
?	?	5	103	7.12
770	500	4	111	8.63
790	410	3.5	108	8.63
720	465	?	?	?
?	?	4	?	6.4
790	370	3.5	?	?
?	?	?	104	8.13
730	590	?	118	8.2
800	545	4.5	116	7.9
750	590	4	110	6.8
790	500	4	104	6.8
555	465	?	?	6.7
630	290	3.5	105	?
720	450	3	106	?
790	560	4	110	9.25
770	435	3	90	?
705	450	3	?	8.973
?	?	6	?	8.4
760	435	3	101	7.2
760	515	3	95	5.7
705	435	3	104	6.01
?	?	?	98	7.8
?	?	?	?	?
750	450	2.5	97	?
790	500	3	?	5.8
?	?	4	?	7.5
?	?	?	?	?
690	450	3	95	5.715
?	?	?	?	6.123
790	420	3	102	7.6
?	?	?	?	?
690	435	3	?	7
?	?	?	?	7.53
750	560	3.5	?	7.324
630	320	?	?	6.1
680	380	?	?	?
665	410	3.5	104	8.1
740	360	2.5	82	6.3
665	330	3.5	88	?
705	330	3	?	?
790	380	2.5	92	7.6
730	395	3	?	7.8
?	?	4	?	7.42
?	?	3.5	?	?
770	435	?	93	7.49
705	420	3	?	6.2
730	395	3.5	100	5.5
720	395	3.5	?	7.2
705	500	?	112	8.17
705	410	3	95	6.2
730	395	3	98	7.8
?	?	?	?	6.125
?	?	?	?	?
?	?	?	?	?
770	575	4	109	9.125
720	370	?	?	6.6
770	330	2.5	84	6.4
?	?	4	?	?
595	395	3	98	6.725
760	450	4	109	10
720	485	3	104	8.74
720	470	?	?	7
740	435	3	93	7.8
770	340	3	94	8.13
595	320	?	85	5.7
705	450	3.5	105	6.223
790	435	3.5	111	7.4
770	500	3	108	?
360	485	2	?	7.1
?	?	?	?	?
750	410	4	105	6.1
595	515	2.5	85	7.5
?	?	4	?	?
790	280	2.5	88	7.145
705	380	?	?	?
?	?	?	?	7.5
740	410	3.5	97	6.621
740	340	2	92	5.8
?	?	?	?	7.65
760	360	3	84	7.2
705	370	3.5	97	6.8
800	590	4	112	7.43
?	?	?	?	?
?	?	?	?	?
780	450	3	102	7.2
800	560	3.5	108	9.71
570	?	4.5	98	8.99
770	590	3.5	106	5.7
770	465	3.5	102	?
720	340	3	82	6.3
770	395	?	91	6.1
?	?	?	?	?
?	?	?	?	?
750	500	3	110	7.3
720	395	3	87	?
610	270	2	73	5.9
?	?	?	?	?
?	?	?	?	7.3
?	?	?	?	6.77
?	?	?	100	7.1
750	380	?	96	?
?	?	5	108	6.6
760	410	3.5	?	7
750	370	?	?	7.4
644	380	3	95	?
800	465	2.5	93	9.25
?	?	?	?	?
?	?	?	?	?
?	?	4.5	?	6.25
770	435	3	94	?
750	515	4	109	7.3
750	570	3	100	8.99
720	465	3	105	5.25
730	310	2	87	5.3
690	370	?	95	7.6
760	635	3.5	?	7.8
?	?	?	?	6
790	380	3	103	7
?	?	?	?	9.2
750	395	3	95	6.5
750	465	3	103	6.9
?	?	?	?	7.3
?	?	5	110	7.3
770	435	3.5	?	9
750	395	3	87	?
760	340	2.5	85	7.5
665	450	3.5	103	?
770	370	3.5	92	?
690	320	2	?	7.5
750	395	3	95	6.5
790	530	4	110	7.8
750	435	5	101	?
665	420	2.5	82	7.4
800	700	?	?	8.93
720	370	3	?	?
730	630	3.5	112	7.8
780	500	3	108	6.9
?	?	?	?	7.4
680	370	3.5	97	7.2
?	?	4	?	6.6
800	450	3.5	107	5.95
?	?	?	102	?
297	?	?	97	?
690	485	2.5	82	?
?	?	?	116	8.27
740	320	3	92	7.62
630	410	3	105	6.3
790	370	3.5	101	7.04
?	?	?	?	?
?	?	?	?	7.3
309	370	3	?	?
720	520	4	?	?
770	435	4	102	7.3
304	?	?	111	?
?	?	?	?	?
730	360	3	89	6.9
750	530	4	109	7.2
740	395	4	?	6.4
750	485	3	94	6.1
690	?	?	114	?
730	560	3	108	9.625
720	380	?	97	?
?	?	?	?	?
?	?	?	?	?
720	435	3	89	?
800	300	3	?	7.32
740	435	3.5	?	6.634
730	465	3.5	110	?
705	485	3	103	6.3
800	570	?	?	7.5
750	435	3.5	?	8
790	485	3.5	111	7.65
?	?	?	?	7.1
665	360	?	98	6.19
760	380	3.5	98	6
560	300	3	80	?
720	465	3	103	6.011
575	450	3	90	7.5
?	?	5	?	?
790	410	3	99	7.73
720	420	?	98	?
730	330	3	100	6.18
665	560	4	107	6.1
800	435	3	?	7.703
780	300	3.5	80	7.6
644	370	3	102	6.311
?	?	?	89	8.75
630	395	?	?	7.8
790	605	4	113	5.7
790	575	4	110	9.1
780	395	3	99	7.7
700	480	?	109	?
?	?	?	103	6.2
760	560	4	115	?
680	485	3.5	?	6.5
?	?	?	?	?
750	395	3	?	7.2
301	360	3	?	8.092
770	320	3.5	?	8.93
665	450	3	107	7.715
780	360	3	?	6.779
?	?	?	?	7.1
?	?	?	?	?
720	470	?	?	?
665	515	3.5	?	6.4
660	540	3.5	109	5.2
750	320	?	?	8.75
790	635	3.5	110	5.45
800	485	3.5	109	8.8
?	?	5	?	6.7
780	300	3	89	6.2
683	297	?	?	?
750	630	3.5	109	7.017
750	600	3	102	8.4
?	?	?	?	?
790	450	3.3	89	?
?	?	4.5	?	6.72
300	320	?	100	7.44
615	260	2	70	?
770	370	3	91	7.1
710	410	4	?	6.4
770	370	3	91	7.1
740	290	3	90	8.1
690	380	3.5	105	7.3
740	340	3	84	?
760	435	1.5	76	?
?	?	?	?	?
750	350	2.5	97	9.275
575	330	2	83	?
680	370	?	?	5.992
780	435	3	100	?
690	410	?	101	?
680	395	3	?	?
665	725	3	?	7.9
680	515	?	97	?
630	330	3	95	?
615	380	2	?	6.7
740	600	3.5	104	7.4
770	515	3.5	?	8.06
790	435	4	101	8.3
665	545	3.5	108	7.15
510	270	?	?	6
750	435	3	102	9.95
?	?	?	?	7
?	?	?	?	?
?	?	4	84	6.74
?	?	?	?	?
?	?	?	?	?
740	530	4	109	6.3
?	?	4	?	7.1
?	?	?	?	?
740	350	3	92	7.7
770	515	3.5	111	7.7
680	320	?	?	?
610	490	?	80	?
?	?	?	?	?
?	?	5	103	7.598
595	370	3	94	6.5
770	700	4	115	?
630	395	3	?	?
770	485	3.5	92	6.4
?	?	?	87	?
644	370	3	89	?
?	?	4	?	8
790	515	3	108	?
770	515	4	116	7.4
710	500	3.5	111	9.3
720	435	4	101	7.1
740	450	3	103	7.83
?	?	?	?	?
?	?	?	?	?
780	490	?	96	?
720	465	?	94	?
?	?	4	?	6.8
770	435	?	?	6.66
?	?	5.5	107	?
690	360	3	90	7.06
750	410	3	109	7.6
800	530	3	104	7.2
?	?	?	?	?
780	370	3	87	7.7
705	450	3.5	105	?
535	310	3	?	?
790	400	3	97	8.8
750	690	4	109	6.06
740	435	3	92	7.3
?	?	5	105	9.375
?	?	?	?	?
595	320	?	79	7.2
?	?	5	103	?
720	370	3.5	90	?
760	410	3	?	6.62
555	290	?	?	?
800	360	3	106	8.04
630	370	3	98	5.977
800	530	4	105	8.57
?	?	?	?	?
720	380	2	84	7.7
705	360	2	?	7
?	?	4.5	?	8.04
690	380	3	100	7.5
?	?	?	84	?
780	360	3	96	6.8
?	?	4	108	7.23
750	310	3.5	?	?
?	?	5	117	?
690	420	3	95	7.49
?	?	?	?	?
780	485	3	101	8.1
730	410	3.5	114	7.8
?	?	5.5	115	?
?	?	?	103	?
740	380	4	70	?
644	410	?	?	6.8
385	320	3	90	6
630	380	2.5	86	7.5
665	320	3	85	?
800	410	3.5	84	6.5
620	380	?	?	?
720	395	?	105	?
705	370	3	93	6.5
750	485	4	114	6.9
410	310	2	?	6.96
630	360	3	102	6.6
?	?	?	108	?
770	575	3	108	8.99
680	320	3	?	7
760	485	3.5	102	7.25
?	?	?	?	8.3
730	370	2.5	82	?
800	545	4.5	104	6.4
770	605	5	?	?
?	?	?	?	?
?	?	?	?	?
770	635	4	115	?
760	450	4	105	?
?	?	3.5	109	?
?	?	4.5	100	6.8
?	?	?	?	?
760	450	3.5	99	6.1
?	?	?	?	7.72
780	410	3.5	101	9.2
?	?	4	?	5.8
770	450	3	83	7.3
750	435	3.5	?	8.7
575	380	2.5	95	7.325
705	530	3	105	6.52
750	600	3	104	8.925
760	510	4	107	7.26
720	465	3	103	6.011
720	465	3	103	?
760	320	?	100	?
?	?	?	?	?
800	420	3	97	6.875
680	340	3	91	7.2
?	?	?	96	7.4
?	?	4.5	96	6.73
615	330	2.5	79	5.936
?	?	?	?	?
615	360	2	100	5.7
760	485	3.5	112	6.5
?	?	?	?	?
790	450	3	102	?
770	450	3	?	8.3
610	?	4.5	103	7.175
740	350	?	?	?
?	?	?	?	?
680	725	2.5	95	?
?	?	?	?	?
485	650	3	?	?
780	450	3	88	6.6
770	500	4	?	7.1
740	440	2	91	7
730	550	4	105	6.89
750	450	?	?	?
?	?	?	?	?
644	395	4	95	?
?	?	?	?	?
790	450	3.5	113	8.75
760	605	3	?	7.9
680	420	3	98	8
760	690	4	107	3.21
740	310	?	?	7.07
485	300	2.5	83	6.47
680	350	3	100	6.6
?	?	?	106	7.6
760	560	3.5	?	?
690	515	4	113	7.3
?	?	?	?	?
720	340	2.5	100	?
?	?	?	85	?
760	515	3	113	6.9
644	380	4	103	?
760	330	2.5	?	7.4
?	?	?	?	?
760	560	2.5	?	8.2
?	?	?	?	?
720	320	3	83	7.4
800	370	3	97	6.8
?	?	?	?	?
750	480	3	103	?
705	380	3	92	8
720	420	3.5	?	5.2
?	?	?	?	8.13
615	370	2	?	?
710	330	3	82	?
?	?	?	?	?
?	?	?	?	?
770	550	?	?	?
300	?	?	97	?
595	370	?	93	?
705	320	?	93	?
620	630	3.5	108	6.5
780	410	?	?	5.76
750	380	3	92	7
780	450	?	?	?
?	?	4	?	6.56
?	?	?	?	?
?	?	?	?	?
800	480	4.5	?	8.5
700	580	?	?	?
750	410	3.5	?	?
700	510	3.5	106	9
750	450	?	104	7.9
730	300	3	?	6.83
?	?	5.5	100	?
?	?	?	?	6.3
800	370	3	110	6.7
?	?	?	?	7.5
?	?	?	?	6.8
?	?	?	?	?
?	?	?	?	?
?	?	?	?	?
680	320	?	97	?
780	690	4.5	114	8.02
790	590	4.5	112	6.91
770	610	3.5	100	6
690	340	3.5	100	?
?	?	?	?	?
?	?	?	?	?
?	?	?	?	7.3
760	610	?	107	8.3
700	410	4	114	7.7
770	520	?	?	?
?	?	5	106	?
760	390	?	105	7.3
670	380	3.5	?	?
?	?	?	?	?
750	590	?	113	?
705	395	4	105	6.7
790	580	4.5	116	6.2
620	540	3.5	101	?
700	500	4	100	6.9
750	470	3	102	6.7
790	580	3.5	98	6.3
770	490	3	106	7.775
690	320	3.5	103	?
700	490	3.5	?	?
790	520	4	106	?
690	360	3.5	99	5.1
?	?	4.5	90	6.667
740	610	3	86	5.9
700	350	4	100	5.5
?	?	?	?	?
740	360	4	95	?
770	310	3	?	7.8
?	?	?	?	?
780	520	3.5	101	7.3
750	500	4	112	?
710	430	2.5	?	?
630	330	4	109	?
?	?	?	?	?
740	360	3.5	97	?
710	370	3	102	7.529
?	?	?	?	?
?	?	?	?	?
?	?	?	114	6.1
780	570	4	?	7.4
770	580	?	?	8
?	?	?	?	?
750	560	3.5	?	6.3
?	?	4	?	7.4
710	440	3	101	5.7
700	330	3.5	93	?
740	490	?	?	6.4
770	540	?	?	5.9
680	490	3.5	?	6.28
630	230	?	85	?
720	640	?	?	?
740	320	?	77	7
710	450	?	107	?
740	510	3	107	6.845
710	590	3.5	?	5.6
770	540	?	107	6.3
740	380	?	111	6.434
700	390	3	91	5.8
800	720	?	?	7.5
620	350	3.5	97	?
770	400	3	107	6.023
640	420	?	?	?
?	?	?	?	?
660	390	?	?	?
740	390	3	94	7.89
780	490	4	102	7.5
570	330	?	95	?
?	?	?	?	5.9
760	470	3.5	108	?
740	410	4	?	7.1
?	?	?	?	?
750	540	4	110	7.33
?	?	?	?	?
800	670	5	115	8.3
800	550	4	?	5
660	400	3.5	103	7.4
?	?	?	104	5.2
750	650	5.5	112	9.1
?	?	?	?	?
?	?	?	?	?
790	570	3.5	109	6.9
610	460	3	93	?
780	540	3	?	6.1
?	?	?	102	7
740	600	4	100	?
?	?	?	?	?
730	420	3	96	?
?	?	?	115	6.7
790	420	3.5	97	5.5
740	540	?	104	?
580	310	3	84	?
740	540	4	104	6.691
760	430	3.5	?	?
?	?	?	?	7.325
800	710	4	113	8
690	360	3.5	103	6.85
770	600	4.5	116	7.96
760	680	4	111	5.46
770	570	3	106	7.632
700	300	3.5	90	5.9
740	500	3	103	7
800	400	3.5	101	6.38
710	?	5.5	112	8.6
800	640	?	110	?
800	680	4	113	8.6
790	350	3.5	110	7.3
710	620	4.5	?	8
760	450	3.5	91	6.2
800	610	?	105	7.8
770	560	3.5	100	8.1
800	610	4	105	7.78
?	300	?	?	?
780	420	3	?	?
640	530	3	101	6
790	660	3.5	108	7.22
690	450	?	?	6.8
800	620	4	113	6.95
780	410	3.5	110	8
740	360	3	94	7.25
?	?	4.5	?	7.75
?	?	4.5	94	7.75
?	?	4.5	102	?
790	570	4	113	7.96
730	480	3.5	107	8.167
770	550	3.5	106	7.2
?	?	4.5	100	6.6
730	580	3.5	101	7.02
790	510	3	101	7.5
770	600	3.5	?	?
690	410	3.5	105	?
?	?	?	?	?
760	540	3	?	?
730	580	4	?	7.43
780	700	4.5	113	6.233
650	610	3	100	5.7
770	670	4.5	112	7.5
800	610	4	107	8.2
?	?	?	?	?
?	?	?	?	?
?	?	?	?	8.23
780	640	5.5	?	6.825
720	650	4	113	6
?	?	4	?	7.2
800	410	3.5	99	6.3
760	450	3.5	89	6.1
730	610	3.5	109	8.25
700	600	4	?	6.76
?	?	4.5	?	7.3
780	600	4	?	5.8
800	600	4	100	9.14
790	590	3.5	109	7.75
660	600	4	102	6.752
750	410	3	94	7.5
800	390	3	91	5.62
800	700	4	?	6.4
760	520	4	102	6.2
800	400	4	98	7.5
?	?	5.5	107	7.5
?	?	?	108	7.34
800	480	?	?	8.12
740	580	3.5	104	6.7
780	420	3.5	91	6.46
780	600	3.5	102	6.3
770	460	4	108	7.13
660	250	3	91	6.406
780	570	3.5	110	7.02
750	630	?	?	5.28
?	?	?	?	?
780	550	?	?	6
800	660	5.5	?	8.5
710	470	?	?	8
750	590	3	88	6.5
740	630	4	115	6.65
710	400	3	94	6.3
780	630	4.5	99	5.9
770	660	4	115	6.1
740	570	?	?	?
?	?	?	105	7
760	640	3	98	5.4
760	485	3	108	7.93
720	390	4	108	7.4
760	600	3.5	113	8.4
770	490	4	102	7.11
730	510	?	?	9.69
740	530	4	113	8
720	480	4.5	?	6.2
690	450	3	96	6.8
760	540	4	?	9.2
750	400	3	?	7.01
800	550	3.5	103	8.61
800	590	3.5	110	6.8
780	620	4	99	7.5
790	410	3.5	103	8.38
740	520	4	96	7.2
800	650	3.5	113	6.4
800	660	5.5	?	6.2
780	480	3.5	111	8.9
800	340	3.5	91	7.75
760	680	3.5	?	6.2
800	630	3	101	6.88
780	460	4	110	7.6
800	650	?	115	7.6
770	520	?	?	6.7
770	410	3.5	100	6.4
750	530	3	109	8
680	600	3.5	100	6.6
?	?	?	?	?
800	690	3.5	?	6.59
800	590	3	?	6.1
800	510	3	96	8.225
?	?	5	101	?
790	540	5	116	8.1
770	570	3.5	?	5.8
760	540	3	100	?
800	630	3	96	7.3
800	630	3	?	7.34
780	460	3.5	101	7.7
740	460	?	?	?
770	490	4	113	5.7
770	435	3.5	102	6.62
?	?	?	?	?
680	470	?	102	7.36
720	320	?	?	6.5
760	530	?	?	?
?	?	?	?	7
770	520	3	102	6.7
750	460	4	92	6.8
690	480	2.5	114	7.075
?	?	?	?	7
720	490	?	?	6.8
800	630	?	102	5.5
680	600	3.5	97	6.6
800	610	3	111	7.3
660	460	3	90	7.001
720	490	?	?	6.8
?	?	5.5	110	6.5
800	640	?	112	7.34
760	590	3	95	6
770	440	4	105	6.5
760	430	3	112	8.25
740	620	3.5	?	?
760	630	?	105	7.6
610	500	?	83	7.2
800	410	3.5	102	6.766
770	570	?	?	7.73
690	320	2.5	?	6.3
620	790	3	99	8.975
640	550	3	95	7
800	720	4.5	110	7.3
720	410	2	?	6
800	480	2.5	100	?
?	?	4.5	?	6.667
800	560	3.5	109	7.46
740	490	3	101	6.4
650	620	3	111	7.59
720	380	4.5	105	5.2
770	670	3.5	106	6.1
760	580	?	?	6.7
790	620	3.5	108	7.25
770	470	?	100	6.5
740	550	2.5	83	6.63
780	630	4.5	110	6.7
740	400	3.5	100	6.5
770	460	?	?	7.93
640	550	?	?	?
640	550	?	?	?
770	560	?	?	?
750	520	?	?	7.2
680	340	3.5	105	6.2
750	320	3	81	8.875
650	470	?	?	?
800	610	5.5	?	8
640	550	?	?	?
780	670	3	93	7.3
?	?	5	111	7.8
800	600	4.5	110	5.4
?	?	?	?	?
740	630	3.5	110	8
?	?	?	?	7.8
800	540	4	119	7.4
640	?	4.5	103	6.1
?	?	?	?	?
720	530	3.5	104	6.227
670	600	4	105	5.8
780	500	5	110	6.88
740	590	3	102	5.5
?	?	4.5	105	7.9
740	480	3.5	112	6.8
740	450	?	103	6.93
790	540	4	111	6
?	?	?	82	6.6
430	680	3	96	7.6
660	530	3.5	96	7.4
660	530	3.5	?	?
730	570	3.5	97	6.8
780	350	?	101	6.5
?	?	4.5	?	?
800	440	4.5	113	8.1
750	590	3.5	102	6
?	?	4.5	99	5.7
800	600	?	?	6.9
780	660	3	?	7.3
?	?	?	?	?
670	540	3	103	5.5
?	?	5	?	6.7
740	400	3.5	100	6.5
730	550	4	115	7
680	470	?	92	7.5
730	640	4	113	6.5
780	520	3	100	6.4
660	400	3	95	6.6
690	360	?	?	5.9
740	500	3	111	7.94
760	440	4	?	?
?	?	4	?	7.5
760	530	3	92	5.4
750	540	3	98	8.38
800	410	2.5	?	6.6
770	435	3.5	97	7
730	380	3	95	7.5
800	460	3.5	100	8.3
730	510	3.5	104	6.1
740	480	3	?	7.57
780	420	3	96	6.7
700	470	3.5	111	6.7
730	660	4	113	7.3
740	450	3.5	107	6.5
640	600	?	107	6.1
770	570	3.5	116	6.442
760	510	3	102	7.55
800	530	3.5	?	8.71
730	370	3	95	7.89
780	330	3	100	5.8
690	450	?	111	6.5
670	460	?	100	7.2
730	470	3	93	7.4
690	520	4	?	7.2
730	490	3	104	6.7
780	550	3	108	7
710	610	4	103	8.07
800	710	4.5	117	7.1
750	580	3	95	7.35
690	340	3.5	100	6.5
770	500	?	108	5.7
690	550	3.5	99	6.5
760	540	4	105	9.25
660	?	5	110	6.34
690	470	3	?	7.065
770	540	?	?	5.9
?	?	?	?	8
690	570	?	?	?
800	550	4.5	?	6.83
530	?	4.5	94	6.44
780	670	4	111	5.7
730	400	4	105	?
720	450	3	100	6.9
760	610	?	111	6.4
710	350	3	95	6.1
770	580	4	108	7.66
?	?	4.5	?	6.8
720	380	2.5	78	7.2
790	700	5	115	8.46
650	390	3	96	?
690	590	?	?	7.02
800	450	3.5	105	6.9
780	590	2	93	6.5
780	690	4	108	8.52
700	480	4	108	6.6
680	550	?	102	?
770	700	4	117	6.5
?	?	?	105	?
740	590	3.5	100	8
700	560	3	99	6.4
630	480	3	111	8
790	570	3	?	7.57
?	?	4.5	113	7.31
650	470	3	96	5.1
790	320	3	89	7.4
?	?	?	113	6
?	?	3.5	102	7.8
?	?	5	103	7.76
720	380	2.5	75	7.2
800	590	3	?	5.8
800	400	?	96	7.8
?	?	?	?	?
760	530	3.5	107	6.86
700	630	3.5	115	7.2
690	550	3.5	100	7.1
750	430	3.5	100	7.3
790	400	3	97	8.8
?	?	5	98	6.99
?	?	?	?	6.677
800	340	3.5	105	6.1
730	320	?	?	5.948
700	630	4	100	6
700	530	3	?	6.7
770	340	3.5	91	6
780	510	3.5	104	6.03
790	670	3.5	109	7.1
770	570	3.5	116	6.5
790	500	3	95	6.756
760	570	4	111	5.9
770	590	4.5	103	5.65
750	510	3	?	7.3
780	580	4	104	6.45
800	480	3	?	5.96
750	630	2.5	106	7.03
720	550	?	101	6.8
600	500	?	?	7.9
610	390	?	75	?
770	580	4.5	113	7.7
670	270	?	?	?
760	580	3	116	7.424
800	340	3	91	6.1
760	430	3.5	100	7.51
770	590	3	?	7.5
?	?	5.5	111	6.617
?	?	3.5	113	9.4
730	600	4.5	114	7.5
?	?	?	?	8.01
790	710	3.5	108	?
720	460	3.5	106	7.94
?	?	4.5	103	6.5
710	400	3	86	?
780	550	?	?	7.6
690	490	4	?	8
644	395	3	85	5.9
800	460	4	100	8.23
730	520	3.5	105	5.6
?	?	5	105	8.37
710	420	3	?	7.3
?	?	5	102	7.51
700	600	3	109	6.8
790	440	3	97	6
800	600	4	102	?
780	510	3.5	110	?
750	450	4	106	6.3
770	670	4.5	112	?
?	?	3	?	7.49
700	430	?	85	6.33
780	560	3.5	103	7.4
750	490	2.5	99	6.3
770	680	4.5	113	9.1
700	340	3	100	6
710	280	?	84	7
720	430	?	?	?
790	520	3	111	7.75
?	?	?	?	?
750	560	3.5	?	8.3
730	470	3	81	6.5
790	450	3.5	105	6.9
800	620	4	?	?
750	530	?	103	7
790	320	3	89	7.4
790	380	3.5	94	7.95
760	590	4	107	7.5
690	400	3.5	102	7.5
?	?	5	?	8.6
780	550	3	101	7.356
750	510	?	86	8.04
760	420	3.5	107	5.3
730	520	3.5	104	7.5
690	440	3	97	7.4
?	?	?	100	6.14
800	620	4.5	?	7.07
770	530	3.5	105	?
720	530	4	107	?
670	490	4	96	6.1
720	290	?	82	5.8
800	650	3	106	?
780	560	3	87	5.94
800	430	3.5	105	8.002
?	?	?	?	6.1
705	465	3	99	6
650	630	4	112	5.6
750	570	3	112	7
750	330	?	94	?
750	500	4	101	6.62
760	600	3.5	113	8.4
?	?	5.5	?	?
780	650	4	111	?
770	490	3.5	113	6.3
720	370	3	92	?
?	?	?	?	7.7
800	650	4	115	7
?	?	3.5	100	7.85
800	570	4	113	?
780	420	3.5	95	6.3
?	?	5	108	7.76
800	640	3.5	107	6.9
720	520	?	88	5.6
720	510	3	88	6.8
730	600	3.5	106	6.25
770	540	4	105	6.4
800	710	6	119	7.51
780	420	4	106	8
760	600	3.5	113	8.4
740	330	3	87	7.06
?	?	?	?	6.4
710	630	4.5	?	8.75
800	680	4	113	8.6
?	?	?	?	6.4
660	440	?	98	?
?	?	4	?	8
800	430	4	84	7.6
700	330	3.5	103	6
730	650	4	107	8.73
?	?	?	109	7.3
750	485	4	102	5.5
?	?	4	?	6.67
700	600	3.5	100	?
780	500	3	98	?
770	470	?	100	7.5
?	?	4	109	8.409
?	?	5	107	8.3
760	460	3	?	6.7
?	?	4	?	7.1
770	580	3	98	?
720	560	?	?	8.2
720	560	?	?	5.8
780	670	4.5	111	7.068
700	520	3	88	6
730	550	?	100	5.7
?	450	3	102	?
760	450	3.5	105	6.471
780	330	2.5	89	6.553
670	500	2.5	89	6.24
790	510	4.5	101	?
790	470	3	102	6.7
770	530	?	?	7.654
780	650	4	111	?
650	630	4	112	5.7
780	490	3.5	107	6.014
790	550	3	106	6.88
740	370	2.5	96	6.634
?	?	?	101	8.2
?	?	5	110	7.72
670	360	2.5	88	6.65
790	540	3	?	6.8
740	620	3.5	111	6.4
750	470	3	109	7.28
?	?	?	97	6.7
740	380	3.5	82	6
740	380	3.5	82	6
?	?	?	?	7.6
760	500	3	89	8.5
690	560	5	112	6.906
800	570	3	107	6.5
760	490	3.5	112	7.75
700	580	?	97	?
460	760	3.5	106	?
740	680	?	?	5.8
750	470	3	104	8.2
705	500	4	104	6
780	470	3	95	7.75
800	670	3.5	110	9.3
?	?	?	?	7.3
?	?	4	106	6.75
660	330	?	108	5.96
?	?	4.5	109	8.44
740	330	3	?	8.29
800	670	3.5	110	6.2
800	360	3	95	7.3
740	450	?	102	?
690	480	3	94	6.915
760	520	3.5	86	?
?	?	2.4	?	8.07
800	360	3.5	107	7.4
800	620	4	110	?
?	?	6	?	6.75
740	600	4	110	6.3
750	500	3.5	114	7
760	600	4	?	7.3
790	580	4	111	?
720	500	3.5	117	7
700	530	3.5	110	6.7
740	560	3.5	106	6.839
?	?	5	113	8.25
750	550	3.5	?	?
670	400	2.5	98	5.5
680	420	?	?	6
?	?	5	?	9
?	?	4.5	108	?
790	560	4	112	7.9
800	620	4	113	6.95
720	570	3	94	7.064
660	540	3	96	6.8
?	?	5.5	95	6.1
?	?	?	?	?
?	?	4.5	97	6.73
?	?	5	?	6.2
760	490	4	101	6
705	395	?	97	5.5
730	600	3.5	98	7.2
790	640	4.5	114	7.649
?	?	5.5	?	?
710	570	3	98	5.523
?	?	4	106	8.3
620	460	3	?	8.47
800	570	4.5	?	6.371
780	390	4	110	?
800	480	?	110	6.5
680	310	3.5	?	?
730	680	4	113	5.3
800	570	3	107	7.69
?	?	5	108	6.8
?	?	4.5	?	6.806
790	510	?	?	?
780	430	4	103	6.4
760	510	4.5	102	6
?	?	6	112	7.13
?	?	5.5	?	6.8
?	?	5.5	?	6.2
800	570	3	107	6.5
760	490	3	101	7.11
800	590	3	100	7.4
750	600	4	110	8.1
710	660	4.5	105	7.5
800	670	5	118	9.6
660	800	?	112	7
790	720	4	107	7
740	400	3	97	6.8
800	800	5	116	?
?	?	?	?	?
710	600	3.5	?	7.75
770	670	4	105	6.7
780	630	3.5	115	7.4
?	?	4	115	8.1
710	470	3.5	104	8
800	640	4	109	5.4
680	370	?	?	6.4
800	600	3.5	108	6.7
?	?	5	107	8.3
?	?	6	110	7.7
770	510	3.5	108	7.6
?	?	?	101	7.2
?	?	?	102	6.7
740	510	2.5	94	8.3
780	510	3	95	6.2
560	450	?	92	?
?	?	5	110	8.68
?	?	4.5	?	6
720	660	3.5	111	5.902
760	610	4	107	8.84
?	?	?	?	?
790	490	4	102	?
790	550	3.5	111	?
800	640	4	113	8.71
770	470	3	102	7.589
640	310	2	79	?
?	?	?	?	7
800	470	3.5	102	9.2
690	300	2.5	90	6.1
?	?	5	98	5.8
770	540	3	111	7.4
?	440	3	104	5.5
560	450	?	93	?
780	540	3.5	102	?
800	560	?	109	7.5
760	330	3	91	?
800	520	3	93	8
710	540	4	103	?
?	?	?	?	?
800	390	3	97	9.175
680	480	3.5	99	6.9
730	410	?	89	?
800	730	4.5	115	6
?	670	?	110	?
790	310	3	93	7.63
750	600	3.5	105	6.2
710	600	2.5	99	6.5
?	?	?	94	7.3
800	690	5	?	6.2
740	560	3.5	103	6.3
750	430	4	107	7.736
800	540	3	101	7.86
720	470	3	98	?
?	?	?	?	?
730	370	3	106	?
?	?	?	108	7.5
?	?	5	105	6.97
560	260	3.5	?	5.1
720	510	3.5	?	?
730	510	?	?	6.1
720	520	2	?	?
